--------------------------------------------------------
--  File created - Sunday-January-09-2022   
--------------------------------------------------------
--------------------------------------------------------
--  DDL for Table ARTIGOS
--------------------------------------------------------

  CREATE TABLE "GINASIO"."ARTIGOS" 
   (	"ID_ARTIGO" NUMBER(*,0), 
	"NOME" VARCHAR2(50 BYTE), 
	"DESCRICAO" VARCHAR2(100 BYTE), 
	"VALOR" NUMBER(5,2)
   ) SEGMENT CREATION IMMEDIATE 
  PCTFREE 10 PCTUSED 40 INITRANS 1 MAXTRANS 255 
 NOCOMPRESS LOGGING
  STORAGE(INITIAL 65536 NEXT 1048576 MINEXTENTS 1 MAXEXTENTS 2147483645
  PCTINCREASE 0 FREELISTS 1 FREELIST GROUPS 1
  BUFFER_POOL DEFAULT FLASH_CACHE DEFAULT CELL_FLASH_CACHE DEFAULT)
  TABLESPACE "USERS" ;
--------------------------------------------------------
--  DDL for Table CLIENTES
--------------------------------------------------------

  CREATE TABLE "GINASIO"."CLIENTES" 
   (	"ID_CLIENTE" NUMBER(*,0), 
	"ID_NUTRICIONISTA" NUMBER(*,0), 
	"ID_INSTRUTOR" NUMBER(*,0), 
	"NOME" VARCHAR2(50 BYTE), 
	"EMAIL" VARCHAR2(50 BYTE), 
	"PASSWORD" VARCHAR2(50 BYTE), 
	"DATANASCIMENTO" DATE, 
	"DATACRIACAO" DATE, 
	"DATAATUALIZACAO" DATE
   ) SEGMENT CREATION IMMEDIATE 
  PCTFREE 10 PCTUSED 40 INITRANS 1 MAXTRANS 255 
 NOCOMPRESS LOGGING
  STORAGE(INITIAL 65536 NEXT 1048576 MINEXTENTS 1 MAXEXTENTS 2147483645
  PCTINCREASE 0 FREELISTS 1 FREELIST GROUPS 1
  BUFFER_POOL DEFAULT FLASH_CACHE DEFAULT CELL_FLASH_CACHE DEFAULT)
  TABLESPACE "USERS" ;
--------------------------------------------------------
--  DDL for Table FATURAS
--------------------------------------------------------

  CREATE TABLE "GINASIO"."FATURAS" 
   (	"ID_FATURA" NUMBER(*,0), 
	"ID_CLIENTE" NUMBER(*,0), 
	"ID_RECECIONISTA" NUMBER(*,0), 
	"ID_PRODUTO" NUMBER(*,0), 
	"DATA" DATE, 
	"PRECO_PRODUTO" NUMBER(*,0)
   ) SEGMENT CREATION IMMEDIATE 
  PCTFREE 10 PCTUSED 40 INITRANS 1 MAXTRANS 255 
 NOCOMPRESS LOGGING
  STORAGE(INITIAL 65536 NEXT 1048576 MINEXTENTS 1 MAXEXTENTS 2147483645
  PCTINCREASE 0 FREELISTS 1 FREELIST GROUPS 1
  BUFFER_POOL DEFAULT FLASH_CACHE DEFAULT CELL_FLASH_CACHE DEFAULT)
  TABLESPACE "USERS" ;
--------------------------------------------------------
--  DDL for Table FICHAS_CLIENTE_AVALIACAO
--------------------------------------------------------

  CREATE TABLE "GINASIO"."FICHAS_CLIENTE_AVALIACAO" 
   (	"ID_FICHAA" NUMBER(*,0), 
	"ID_CLIENTE" NUMBER(*,0), 
	"DATA" DATE, 
	"PESO" NUMBER(5,2), 
	"ALTURA" NUMBER(5,2), 
	"PRESSAOARTERIAL" NUMBER(*,0), 
	"CINTURA" NUMBER(5,2), 
	"ANCA" NUMBER(5,2), 
	"MASSAGORDA" NUMBER(*,0), 
	"MASSAMAGRA" NUMBER(*,0), 
	"OBJETIVO" VARCHAR2(100 BYTE), 
	"ATIVIDADE_FISICA" VARCHAR2(50 BYTE)
   ) SEGMENT CREATION IMMEDIATE 
  PCTFREE 10 PCTUSED 40 INITRANS 1 MAXTRANS 255 
 NOCOMPRESS LOGGING
  STORAGE(INITIAL 65536 NEXT 1048576 MINEXTENTS 1 MAXEXTENTS 2147483645
  PCTINCREASE 0 FREELISTS 1 FREELIST GROUPS 1
  BUFFER_POOL DEFAULT FLASH_CACHE DEFAULT CELL_FLASH_CACHE DEFAULT)
  TABLESPACE "USERS" ;
--------------------------------------------------------
--  DDL for Table FICHAS_CLIENTE_NUTRICAO
--------------------------------------------------------

  CREATE TABLE "GINASIO"."FICHAS_CLIENTE_NUTRICAO" 
   (	"ID_FICHAN" NUMBER(*,0), 
	"ID_CLIENTE" NUMBER(*,0), 
	"DATA" DATE, 
	"PESO" NUMBER(5,2), 
	"MASSAGORDA" NUMBER(5,2), 
	"MASSAMAGRA" NUMBER(5,2)
   ) SEGMENT CREATION IMMEDIATE 
  PCTFREE 10 PCTUSED 40 INITRANS 1 MAXTRANS 255 
 NOCOMPRESS LOGGING
  STORAGE(INITIAL 65536 NEXT 1048576 MINEXTENTS 1 MAXEXTENTS 2147483645
  PCTINCREASE 0 FREELISTS 1 FREELIST GROUPS 1
  BUFFER_POOL DEFAULT FLASH_CACHE DEFAULT CELL_FLASH_CACHE DEFAULT)
  TABLESPACE "USERS" ;
--------------------------------------------------------
--  DDL for Table INSTRUTORES
--------------------------------------------------------

  CREATE TABLE "GINASIO"."INSTRUTORES" 
   (	"ID_INSTRUTOR" NUMBER(*,0), 
	"NOME" VARCHAR2(50 BYTE), 
	"EMAIL" VARCHAR2(50 BYTE), 
	"PASSWORD" VARCHAR2(50 BYTE), 
	"DATANASCIMENTO" DATE, 
	"HORAENTRADA" VARCHAR2(5 BYTE), 
	"HORASAIDA" VARCHAR2(5 BYTE), 
	"DIASEMANA" VARCHAR2(50 BYTE), 
	"DATACRIACAO" DATE, 
	"DATAATUALIZACAO" DATE
   ) SEGMENT CREATION IMMEDIATE 
  PCTFREE 10 PCTUSED 40 INITRANS 1 MAXTRANS 255 
 NOCOMPRESS LOGGING
  STORAGE(INITIAL 65536 NEXT 1048576 MINEXTENTS 1 MAXEXTENTS 2147483645
  PCTINCREASE 0 FREELISTS 1 FREELIST GROUPS 1
  BUFFER_POOL DEFAULT FLASH_CACHE DEFAULT CELL_FLASH_CACHE DEFAULT)
  TABLESPACE "USERS" ;
--------------------------------------------------------
--  DDL for Table LINHASFATURA
--------------------------------------------------------

  CREATE TABLE "GINASIO"."LINHASFATURA" 
   (	"LINHA_FATURA" NUMBER(*,0), 
	"ID_ARTIGO" NUMBER(*,0), 
	"QUANTIDADE" NUMBER(*,0), 
	"VALOR" NUMBER(*,0), 
	"DATA" DATE
   ) SEGMENT CREATION IMMEDIATE 
  PCTFREE 10 PCTUSED 40 INITRANS 1 MAXTRANS 255 
 NOCOMPRESS LOGGING
  STORAGE(INITIAL 65536 NEXT 1048576 MINEXTENTS 1 MAXEXTENTS 2147483645
  PCTINCREASE 0 FREELISTS 1 FREELIST GROUPS 1
  BUFFER_POOL DEFAULT FLASH_CACHE DEFAULT CELL_FLASH_CACHE DEFAULT)
  TABLESPACE "USERS" ;
--------------------------------------------------------
--  DDL for Table NUTRICIONISTAS
--------------------------------------------------------

  CREATE TABLE "GINASIO"."NUTRICIONISTAS" 
   (	"ID_NUTRICIONISTA" NUMBER(*,0), 
	"NOME" VARCHAR2(50 BYTE), 
	"EMAIL" VARCHAR2(50 BYTE), 
	"PASSWORD" VARCHAR2(50 BYTE), 
	"DATANASCIMENTO" DATE, 
	"HORAENTRADA" VARCHAR2(5 BYTE), 
	"HORASAIDA" VARCHAR2(5 BYTE), 
	"DIASEMANA" VARCHAR2(50 BYTE), 
	"DATACRIACAO" DATE, 
	"DATAATUALIZACAO" DATE
   ) SEGMENT CREATION IMMEDIATE 
  PCTFREE 10 PCTUSED 40 INITRANS 1 MAXTRANS 255 
 NOCOMPRESS LOGGING
  STORAGE(INITIAL 65536 NEXT 1048576 MINEXTENTS 1 MAXEXTENTS 2147483645
  PCTINCREASE 0 FREELISTS 1 FREELIST GROUPS 1
  BUFFER_POOL DEFAULT FLASH_CACHE DEFAULT CELL_FLASH_CACHE DEFAULT)
  TABLESPACE "USERS" ;
--------------------------------------------------------
--  DDL for Table RECECIONISTAS
--------------------------------------------------------

  CREATE TABLE "GINASIO"."RECECIONISTAS" 
   (	"ID_RECECIONISTA" NUMBER(*,0), 
	"NOME" VARCHAR2(50 BYTE), 
	"EMAIL" VARCHAR2(50 BYTE), 
	"PASSWORD" VARCHAR2(50 BYTE), 
	"DATANASCIMENTO" DATE, 
	"HORAENTRADA" VARCHAR2(5 BYTE), 
	"HORASAIDA" VARCHAR2(5 BYTE), 
	"DIASEMANA" VARCHAR2(50 BYTE), 
	"DATACRIACAO" DATE, 
	"DATAATUALIZACAO" DATE
   ) SEGMENT CREATION IMMEDIATE 
  PCTFREE 10 PCTUSED 40 INITRANS 1 MAXTRANS 255 
 NOCOMPRESS LOGGING
  STORAGE(INITIAL 65536 NEXT 1048576 MINEXTENTS 1 MAXEXTENTS 2147483645
  PCTINCREASE 0 FREELISTS 1 FREELIST GROUPS 1
  BUFFER_POOL DEFAULT FLASH_CACHE DEFAULT CELL_FLASH_CACHE DEFAULT)
  TABLESPACE "USERS" ;
REM INSERTING into GINASIO.ARTIGOS
SET DEFINE OFF;
Insert into GINASIO.ARTIGOS (ID_ARTIGO,NOME,DESCRICAO,VALOR) values (1,'Lamotrigine',null,29.59);
Insert into GINASIO.ARTIGOS (ID_ARTIGO,NOME,DESCRICAO,VALOR) values (2,'Cephalexin',null,75.51);
Insert into GINASIO.ARTIGOS (ID_ARTIGO,NOME,DESCRICAO,VALOR) values (3,'TRICLOSAN',null,32.97);
Insert into GINASIO.ARTIGOS (ID_ARTIGO,NOME,DESCRICAO,VALOR) values (5,'Simvastatin',null,16.57);
Insert into GINASIO.ARTIGOS (ID_ARTIGO,NOME,DESCRICAO,VALOR) values (4,'Raloxifene hydrochloride',null,4.97);
REM INSERTING into GINASIO.CLIENTES
SET DEFINE OFF;
Insert into GINASIO.CLIENTES (ID_CLIENTE,ID_NUTRICIONISTA,ID_INSTRUTOR,NOME,EMAIL,PASSWORD,DATANASCIMENTO,DATACRIACAO,DATAATUALIZACAO) values (24,5,3,'Dario Gitsham','dgitsham1@arstechnica.com','SRF8Fyf5bcHT',to_date('30-MAY-77','DD-MON-RR'),to_date('17-MAR-20','DD-MON-RR'),to_date('28-DEC-21','DD-MON-RR'));
Insert into GINASIO.CLIENTES (ID_CLIENTE,ID_NUTRICIONISTA,ID_INSTRUTOR,NOME,EMAIL,PASSWORD,DATANASCIMENTO,DATACRIACAO,DATAATUALIZACAO) values (38,5,3,'Elita Lahive','elahive2@wunderground.com','7d1oKYHEv0L',to_date('11-APR-96','DD-MON-RR'),to_date('13-JUN-20','DD-MON-RR'),to_date('15-OCT-21','DD-MON-RR'));
Insert into GINASIO.CLIENTES (ID_CLIENTE,ID_NUTRICIONISTA,ID_INSTRUTOR,NOME,EMAIL,PASSWORD,DATANASCIMENTO,DATACRIACAO,DATAATUALIZACAO) values (32,4,3,'Izzy Kunisch','ikunisch3@google.com.au','4n6khN1Ikw1',to_date('24-JUL-53','DD-MON-RR'),to_date('20-APR-20','DD-MON-RR'),to_date('26-JUL-21','DD-MON-RR'));
Insert into GINASIO.CLIENTES (ID_CLIENTE,ID_NUTRICIONISTA,ID_INSTRUTOR,NOME,EMAIL,PASSWORD,DATANASCIMENTO,DATACRIACAO,DATAATUALIZACAO) values (25,3,4,'Claus Jermey','cjermey4@quantcast.com','PyeAp144m',to_date('30-JAN-61','DD-MON-RR'),to_date('16-JUL-20','DD-MON-RR'),to_date('15-NOV-21','DD-MON-RR'));
Insert into GINASIO.CLIENTES (ID_CLIENTE,ID_NUTRICIONISTA,ID_INSTRUTOR,NOME,EMAIL,PASSWORD,DATANASCIMENTO,DATACRIACAO,DATAATUALIZACAO) values (9,5,2,'Verge Vanstone','vvanstone5@nbcnews.com','pzsiOJ',to_date('18-AUG-78','DD-MON-RR'),to_date('03-APR-20','DD-MON-RR'),to_date('11-DEC-21','DD-MON-RR'));
Insert into GINASIO.CLIENTES (ID_CLIENTE,ID_NUTRICIONISTA,ID_INSTRUTOR,NOME,EMAIL,PASSWORD,DATANASCIMENTO,DATACRIACAO,DATAATUALIZACAO) values (18,4,7,'Josepha Gasperi','jgasperi6@japanpost.jp','KUO0bDW',to_date('12-JUL-99','DD-MON-RR'),to_date('14-JAN-20','DD-MON-RR'),to_date('12-SEP-21','DD-MON-RR'));
Insert into GINASIO.CLIENTES (ID_CLIENTE,ID_NUTRICIONISTA,ID_INSTRUTOR,NOME,EMAIL,PASSWORD,DATANASCIMENTO,DATACRIACAO,DATAATUALIZACAO) values (11,1,8,'Darrelle Fullard','dfullard7@topsy.com','gZfqcg',to_date('11-FEB-58','DD-MON-RR'),to_date('29-JUN-20','DD-MON-RR'),to_date('30-JUL-21','DD-MON-RR'));
Insert into GINASIO.CLIENTES (ID_CLIENTE,ID_NUTRICIONISTA,ID_INSTRUTOR,NOME,EMAIL,PASSWORD,DATANASCIMENTO,DATACRIACAO,DATAATUALIZACAO) values (46,4,10,'Henderson Glazzard','hglazzard8@privacy.gov.au','1PEY7R',to_date('01-NOV-61','DD-MON-RR'),to_date('17-OCT-20','DD-MON-RR'),to_date('08-SEP-21','DD-MON-RR'));
Insert into GINASIO.CLIENTES (ID_CLIENTE,ID_NUTRICIONISTA,ID_INSTRUTOR,NOME,EMAIL,PASSWORD,DATANASCIMENTO,DATACRIACAO,DATAATUALIZACAO) values (44,3,9,'Bradley Dodle','bdodle9@blog.com','FKNOdTg',to_date('20-MAR-57','DD-MON-RR'),to_date('23-MAY-20','DD-MON-RR'),to_date('25-SEP-21','DD-MON-RR'));
Insert into GINASIO.CLIENTES (ID_CLIENTE,ID_NUTRICIONISTA,ID_INSTRUTOR,NOME,EMAIL,PASSWORD,DATANASCIMENTO,DATACRIACAO,DATAATUALIZACAO) values (2,2,1,'Travis Cowley','tcowleyb@diigo.com','d439ne32HY',to_date('27-NOV-97','DD-MON-RR'),to_date('20-SEP-20','DD-MON-RR'),to_date('16-SEP-21','DD-MON-RR'));
Insert into GINASIO.CLIENTES (ID_CLIENTE,ID_NUTRICIONISTA,ID_INSTRUTOR,NOME,EMAIL,PASSWORD,DATANASCIMENTO,DATACRIACAO,DATAATUALIZACAO) values (8,5,3,'Charlena Shrimpling','cshrimplingc@squidoo.com','7jre9IObHJK',to_date('07-MAR-51','DD-MON-RR'),to_date('30-JUL-20','DD-MON-RR'),to_date('28-SEP-21','DD-MON-RR'));
Insert into GINASIO.CLIENTES (ID_CLIENTE,ID_NUTRICIONISTA,ID_INSTRUTOR,NOME,EMAIL,PASSWORD,DATANASCIMENTO,DATACRIACAO,DATAATUALIZACAO) values (43,2,1,'Kalinda Battye','kbattyed@miibeian.gov.cn','kYiiqYDr',to_date('23-NOV-78','DD-MON-RR'),to_date('27-NOV-20','DD-MON-RR'),to_date('31-JUL-21','DD-MON-RR'));
Insert into GINASIO.CLIENTES (ID_CLIENTE,ID_NUTRICIONISTA,ID_INSTRUTOR,NOME,EMAIL,PASSWORD,DATANASCIMENTO,DATACRIACAO,DATAATUALIZACAO) values (50,3,4,'Silvana Doberer','sdoberere@discuz.net','YNYxERh',to_date('05-MAY-56','DD-MON-RR'),to_date('01-APR-20','DD-MON-RR'),to_date('05-NOV-21','DD-MON-RR'));
Insert into GINASIO.CLIENTES (ID_CLIENTE,ID_NUTRICIONISTA,ID_INSTRUTOR,NOME,EMAIL,PASSWORD,DATANASCIMENTO,DATACRIACAO,DATAATUALIZACAO) values (3,5,9,'Melanie Kobierski','mkobierskif@timesonline.co.uk','81dCWT',to_date('28-JUL-73','DD-MON-RR'),to_date('05-FEB-20','DD-MON-RR'),to_date('15-SEP-21','DD-MON-RR'));
Insert into GINASIO.CLIENTES (ID_CLIENTE,ID_NUTRICIONISTA,ID_INSTRUTOR,NOME,EMAIL,PASSWORD,DATANASCIMENTO,DATACRIACAO,DATAATUALIZACAO) values (15,4,1,'Jania Pavolini','jpavolinig@home.pl','fhR2woc6OV',to_date('23-MAY-83','DD-MON-RR'),to_date('12-JUN-20','DD-MON-RR'),to_date('08-AUG-21','DD-MON-RR'));
Insert into GINASIO.CLIENTES (ID_CLIENTE,ID_NUTRICIONISTA,ID_INSTRUTOR,NOME,EMAIL,PASSWORD,DATANASCIMENTO,DATACRIACAO,DATAATUALIZACAO) values (1,5,3,'Merline Horribine','mhorribineh@microsoft.com','R0yk63CJ31Fx',to_date('17-AUG-75','DD-MON-RR'),to_date('27-FEB-21','DD-MON-RR'),to_date('22-JUL-21','DD-MON-RR'));
Insert into GINASIO.CLIENTES (ID_CLIENTE,ID_NUTRICIONISTA,ID_INSTRUTOR,NOME,EMAIL,PASSWORD,DATANASCIMENTO,DATACRIACAO,DATAATUALIZACAO) values (31,2,2,'Zackariah Christophle','zchristophles@usa.gov','jR42RSb',to_date('05-JAN-01','DD-MON-RR'),to_date('19-AUG-20','DD-MON-RR'),to_date('08-SEP-21','DD-MON-RR'));
Insert into GINASIO.CLIENTES (ID_CLIENTE,ID_NUTRICIONISTA,ID_INSTRUTOR,NOME,EMAIL,PASSWORD,DATANASCIMENTO,DATACRIACAO,DATAATUALIZACAO) values (30,1,6,'Marice Allain','mallaint@live.com','17aEftPui',to_date('19-APR-99','DD-MON-RR'),to_date('11-FEB-20','DD-MON-RR'),to_date('08-JUL-21','DD-MON-RR'));
Insert into GINASIO.CLIENTES (ID_CLIENTE,ID_NUTRICIONISTA,ID_INSTRUTOR,NOME,EMAIL,PASSWORD,DATANASCIMENTO,DATACRIACAO,DATAATUALIZACAO) values (23,4,9,'Maxwell Stoffers','mstoffersu@nytimes.com','tiwE1Ys5n',to_date('31-JUL-92','DD-MON-RR'),to_date('14-NOV-20','DD-MON-RR'),to_date('06-JUL-21','DD-MON-RR'));
Insert into GINASIO.CLIENTES (ID_CLIENTE,ID_NUTRICIONISTA,ID_INSTRUTOR,NOME,EMAIL,PASSWORD,DATANASCIMENTO,DATACRIACAO,DATAATUALIZACAO) values (20,1,7,'Fredek Garrat','fgarratv@yelp.com','AUJNkc',to_date('24-MAY-50','DD-MON-RR'),to_date('30-APR-21','DD-MON-RR'),to_date('26-AUG-21','DD-MON-RR'));
Insert into GINASIO.CLIENTES (ID_CLIENTE,ID_NUTRICIONISTA,ID_INSTRUTOR,NOME,EMAIL,PASSWORD,DATANASCIMENTO,DATACRIACAO,DATAATUALIZACAO) values (22,1,3,'Madeline Wasmer','mwasmerw@shareasale.com','9FLzfVzcd4r',to_date('23-OCT-83','DD-MON-RR'),to_date('02-DEC-20','DD-MON-RR'),to_date('15-JUL-21','DD-MON-RR'));
Insert into GINASIO.CLIENTES (ID_CLIENTE,ID_NUTRICIONISTA,ID_INSTRUTOR,NOME,EMAIL,PASSWORD,DATANASCIMENTO,DATACRIACAO,DATAATUALIZACAO) values (47,5,9,'Sayre Heinel','sheinelx@indiatimes.com','D0t2k5g',to_date('13-JUL-58','DD-MON-RR'),to_date('27-OCT-20','DD-MON-RR'),to_date('11-SEP-21','DD-MON-RR'));
Insert into GINASIO.CLIENTES (ID_CLIENTE,ID_NUTRICIONISTA,ID_INSTRUTOR,NOME,EMAIL,PASSWORD,DATANASCIMENTO,DATACRIACAO,DATAATUALIZACAO) values (33,3,3,'Zorina Goward','zgoward10@dagondesign.com','ThdBQpMpWmVu',to_date('21-MAY-53','DD-MON-RR'),to_date('12-SEP-20','DD-MON-RR'),to_date('02-NOV-21','DD-MON-RR'));
Insert into GINASIO.CLIENTES (ID_CLIENTE,ID_NUTRICIONISTA,ID_INSTRUTOR,NOME,EMAIL,PASSWORD,DATANASCIMENTO,DATACRIACAO,DATAATUALIZACAO) values (17,4,3,'Rinaldo Rankine','rrankine13@cnn.com','67ZO5ZZ5ms8L',to_date('17-JUN-78','DD-MON-RR'),to_date('14-FEB-20','DD-MON-RR'),to_date('09-JUL-21','DD-MON-RR'));
Insert into GINASIO.CLIENTES (ID_CLIENTE,ID_NUTRICIONISTA,ID_INSTRUTOR,NOME,EMAIL,PASSWORD,DATANASCIMENTO,DATACRIACAO,DATAATUALIZACAO) values (28,2,10,'Kiele Bartolomieu','kbartolomieu19@usda.gov','OtDKzi3G',to_date('22-OCT-84','DD-MON-RR'),to_date('18-OCT-20','DD-MON-RR'),to_date('18-JUL-21','DD-MON-RR'));
Insert into GINASIO.CLIENTES (ID_CLIENTE,ID_NUTRICIONISTA,ID_INSTRUTOR,NOME,EMAIL,PASSWORD,DATANASCIMENTO,DATACRIACAO,DATAATUALIZACAO) values (5,5,6,'Pascal Quin','pquin1b@wsj.com','nDCdXK',to_date('12-JUL-98','DD-MON-RR'),to_date('26-JAN-21','DD-MON-RR'),to_date('27-OCT-21','DD-MON-RR'));
Insert into GINASIO.CLIENTES (ID_CLIENTE,ID_NUTRICIONISTA,ID_INSTRUTOR,NOME,EMAIL,PASSWORD,DATANASCIMENTO,DATACRIACAO,DATAATUALIZACAO) values (40,3,7,'Tybalt Midlane','tmidlane1c@hhs.gov','HeXCcFoI1k',to_date('11-JUN-78','DD-MON-RR'),to_date('31-JAN-20','DD-MON-RR'),to_date('12-JUL-21','DD-MON-RR'));
Insert into GINASIO.CLIENTES (ID_CLIENTE,ID_NUTRICIONISTA,ID_INSTRUTOR,NOME,EMAIL,PASSWORD,DATANASCIMENTO,DATACRIACAO,DATAATUALIZACAO) values (35,1,null,'Jacintha Whereat','jwhereatj@fema.gov','krIDuhCnwh8',to_date('30-APR-75','DD-MON-RR'),to_date('15-AUG-20','DD-MON-RR'),to_date('01-JAN-22','DD-MON-RR'));
Insert into GINASIO.CLIENTES (ID_CLIENTE,ID_NUTRICIONISTA,ID_INSTRUTOR,NOME,EMAIL,PASSWORD,DATANASCIMENTO,DATACRIACAO,DATAATUALIZACAO) values (21,5,null,'Onfroi Grzegorek','ogrzegorekk@epa.gov','gPffK0cp',to_date('05-OCT-52','DD-MON-RR'),to_date('10-APR-21','DD-MON-RR'),to_date('11-NOV-21','DD-MON-RR'));
Insert into GINASIO.CLIENTES (ID_CLIENTE,ID_NUTRICIONISTA,ID_INSTRUTOR,NOME,EMAIL,PASSWORD,DATANASCIMENTO,DATACRIACAO,DATAATUALIZACAO) values (4,1,5,'Nate Alyutin','nalyutinl@gmpg.org','WELPJ3uO0jw',to_date('27-JUN-59','DD-MON-RR'),to_date('23-DEC-20','DD-MON-RR'),to_date('01-DEC-21','DD-MON-RR'));
Insert into GINASIO.CLIENTES (ID_CLIENTE,ID_NUTRICIONISTA,ID_INSTRUTOR,NOME,EMAIL,PASSWORD,DATANASCIMENTO,DATACRIACAO,DATAATUALIZACAO) values (7,4,4,'Vic Tredinnick','vtredinnickm@blog.com','VA5Rvm',to_date('22-SEP-72','DD-MON-RR'),to_date('27-JAN-20','DD-MON-RR'),to_date('14-AUG-21','DD-MON-RR'));
Insert into GINASIO.CLIENTES (ID_CLIENTE,ID_NUTRICIONISTA,ID_INSTRUTOR,NOME,EMAIL,PASSWORD,DATANASCIMENTO,DATACRIACAO,DATAATUALIZACAO) values (10,4,4,'Vic Tredinnick','vtredinnickm@blog.com','VA5Rvm',to_date('22-SEP-72','DD-MON-RR'),to_date('27-JAN-20','DD-MON-RR'),to_date('14-AUG-21','DD-MON-RR'));
Insert into GINASIO.CLIENTES (ID_CLIENTE,ID_NUTRICIONISTA,ID_INSTRUTOR,NOME,EMAIL,PASSWORD,DATANASCIMENTO,DATACRIACAO,DATAATUALIZACAO) values (12,null,5,'Ronny Perrigo','rperrigon@squarespace.com','yKaAHNK6SiQ1',to_date('21-AUG-90','DD-MON-RR'),to_date('05-JAN-20','DD-MON-RR'),to_date('31-OCT-21','DD-MON-RR'));
Insert into GINASIO.CLIENTES (ID_CLIENTE,ID_NUTRICIONISTA,ID_INSTRUTOR,NOME,EMAIL,PASSWORD,DATANASCIMENTO,DATACRIACAO,DATAATUALIZACAO) values (13,3,null,'Silvester Argile','sargileo@xinhuanet.com','fFVRBgJVM2B',to_date('17-MAR-59','DD-MON-RR'),to_date('05-JAN-21','DD-MON-RR'),to_date('20-JUL-21','DD-MON-RR'));
Insert into GINASIO.CLIENTES (ID_CLIENTE,ID_NUTRICIONISTA,ID_INSTRUTOR,NOME,EMAIL,PASSWORD,DATANASCIMENTO,DATACRIACAO,DATAATUALIZACAO) values (14,2,null,'Normy Beri','nberip@cbslocal.com','CjJTOy',to_date('31-MAR-65','DD-MON-RR'),to_date('30-MAR-21','DD-MON-RR'),to_date('17-DEC-21','DD-MON-RR'));
Insert into GINASIO.CLIENTES (ID_CLIENTE,ID_NUTRICIONISTA,ID_INSTRUTOR,NOME,EMAIL,PASSWORD,DATANASCIMENTO,DATACRIACAO,DATAATUALIZACAO) values (16,3,null,'Will Pooley','wpooleyq@whitehouse.gov','wAdInkkO2J',to_date('05-JUL-93','DD-MON-RR'),to_date('06-JUN-21','DD-MON-RR'),to_date('16-DEC-21','DD-MON-RR'));
Insert into GINASIO.CLIENTES (ID_CLIENTE,ID_NUTRICIONISTA,ID_INSTRUTOR,NOME,EMAIL,PASSWORD,DATANASCIMENTO,DATACRIACAO,DATAATUALIZACAO) values (19,3,null,'Kordula Trenchard','ktrenchardr@is.gd','N0wT4FL4',to_date('06-JUL-01','DD-MON-RR'),to_date('02-MAR-20','DD-MON-RR'),to_date('01-JAN-22','DD-MON-RR'));
Insert into GINASIO.CLIENTES (ID_CLIENTE,ID_NUTRICIONISTA,ID_INSTRUTOR,NOME,EMAIL,PASSWORD,DATANASCIMENTO,DATACRIACAO,DATAATUALIZACAO) values (26,2,2,'Zackariah Christophle','zchristophles@usa.gov','jR42RSb',to_date('05-JAN-01','DD-MON-RR'),to_date('19-AUG-20','DD-MON-RR'),to_date('08-SEP-21','DD-MON-RR'));
Insert into GINASIO.CLIENTES (ID_CLIENTE,ID_NUTRICIONISTA,ID_INSTRUTOR,NOME,EMAIL,PASSWORD,DATANASCIMENTO,DATACRIACAO,DATAATUALIZACAO) values (27,1,6,'Marice Allain','mallaint@live.com','17aEftPui',to_date('19-APR-99','DD-MON-RR'),to_date('11-FEB-20','DD-MON-RR'),to_date('08-JUL-21','DD-MON-RR'));
Insert into GINASIO.CLIENTES (ID_CLIENTE,ID_NUTRICIONISTA,ID_INSTRUTOR,NOME,EMAIL,PASSWORD,DATANASCIMENTO,DATACRIACAO,DATAATUALIZACAO) values (29,4,9,'Maxwell Stoffers','mstoffersu@nytimes.com','tiwE1Ys5n',to_date('31-JUL-92','DD-MON-RR'),to_date('14-NOV-20','DD-MON-RR'),to_date('06-JUL-21','DD-MON-RR'));
Insert into GINASIO.CLIENTES (ID_CLIENTE,ID_NUTRICIONISTA,ID_INSTRUTOR,NOME,EMAIL,PASSWORD,DATANASCIMENTO,DATACRIACAO,DATAATUALIZACAO) values (34,1,7,'Fredek Garrat','fgarratv@yelp.com','AUJNkc',to_date('24-MAY-50','DD-MON-RR'),to_date('30-APR-21','DD-MON-RR'),to_date('26-AUG-21','DD-MON-RR'));
Insert into GINASIO.CLIENTES (ID_CLIENTE,ID_NUTRICIONISTA,ID_INSTRUTOR,NOME,EMAIL,PASSWORD,DATANASCIMENTO,DATACRIACAO,DATAATUALIZACAO) values (36,1,3,'Madeline Wasmer','mwasmerw@shareasale.com','9FLzfVzcd4r',to_date('23-OCT-83','DD-MON-RR'),to_date('02-DEC-20','DD-MON-RR'),to_date('15-JUL-21','DD-MON-RR'));
Insert into GINASIO.CLIENTES (ID_CLIENTE,ID_NUTRICIONISTA,ID_INSTRUTOR,NOME,EMAIL,PASSWORD,DATANASCIMENTO,DATACRIACAO,DATAATUALIZACAO) values (37,5,9,'Sayre Heinel','sheinelx@indiatimes.com','D0t2k5g',to_date('13-JUL-58','DD-MON-RR'),to_date('27-OCT-20','DD-MON-RR'),to_date('11-SEP-21','DD-MON-RR'));
Insert into GINASIO.CLIENTES (ID_CLIENTE,ID_NUTRICIONISTA,ID_INSTRUTOR,NOME,EMAIL,PASSWORD,DATANASCIMENTO,DATACRIACAO,DATAATUALIZACAO) values (39,4,null,'Bank Lown','blowny@reverbnation.com','LgRld9W0jq',to_date('17-JAN-85','DD-MON-RR'),to_date('01-APR-20','DD-MON-RR'),to_date('25-OCT-21','DD-MON-RR'));
Insert into GINASIO.CLIENTES (ID_CLIENTE,ID_NUTRICIONISTA,ID_INSTRUTOR,NOME,EMAIL,PASSWORD,DATANASCIMENTO,DATACRIACAO,DATAATUALIZACAO) values (41,3,1,'Hillary Omar','homarz@digg.com','YkM7IBqncCix',to_date('13-FEB-93','DD-MON-RR'),to_date('09-AUG-20','DD-MON-RR'),to_date('07-OCT-21','DD-MON-RR'));
Insert into GINASIO.CLIENTES (ID_CLIENTE,ID_NUTRICIONISTA,ID_INSTRUTOR,NOME,EMAIL,PASSWORD,DATANASCIMENTO,DATACRIACAO,DATAATUALIZACAO) values (42,3,3,'Zorina Goward','zgoward10@dagondesign.com','ThdBQpMpWmVu',to_date('21-MAY-53','DD-MON-RR'),to_date('12-SEP-20','DD-MON-RR'),to_date('02-NOV-21','DD-MON-RR'));
Insert into GINASIO.CLIENTES (ID_CLIENTE,ID_NUTRICIONISTA,ID_INSTRUTOR,NOME,EMAIL,PASSWORD,DATANASCIMENTO,DATACRIACAO,DATAATUALIZACAO) values (45,5,2,'Inger Dayton','idayton11@studiopress.com','NDNGQZj',to_date('15-NOV-94','DD-MON-RR'),to_date('01-JAN-21','DD-MON-RR'),to_date('14-OCT-21','DD-MON-RR'));
Insert into GINASIO.CLIENTES (ID_CLIENTE,ID_NUTRICIONISTA,ID_INSTRUTOR,NOME,EMAIL,PASSWORD,DATANASCIMENTO,DATACRIACAO,DATAATUALIZACAO) values (48,5,null,'Calvin Debrett','cdebrett12@google.pl','jrkAOTp60S',to_date('18-MAY-00','DD-MON-RR'),to_date('01-JUN-20','DD-MON-RR'),to_date('18-NOV-21','DD-MON-RR'));
Insert into GINASIO.CLIENTES (ID_CLIENTE,ID_NUTRICIONISTA,ID_INSTRUTOR,NOME,EMAIL,PASSWORD,DATANASCIMENTO,DATACRIACAO,DATAATUALIZACAO) values (49,4,3,'Rinaldo Rankine','rrankine13@cnn.com','67ZO5ZZ5ms8L',to_date('17-JUN-78','DD-MON-RR'),to_date('14-FEB-20','DD-MON-RR'),to_date('09-JUL-21','DD-MON-RR'));
Insert into GINASIO.CLIENTES (ID_CLIENTE,ID_NUTRICIONISTA,ID_INSTRUTOR,NOME,EMAIL,PASSWORD,DATANASCIMENTO,DATACRIACAO,DATAATUALIZACAO) values (6,3,null,'Justinn Odam','jodam14@microsoft.com','V0JeDd05',to_date('29-NOV-59','DD-MON-RR'),to_date('11-FEB-21','DD-MON-RR'),to_date('28-AUG-21','DD-MON-RR'));
REM INSERTING into GINASIO.FATURAS
SET DEFINE OFF;
Insert into GINASIO.FATURAS (ID_FATURA,ID_CLIENTE,ID_RECECIONISTA,ID_PRODUTO,DATA,PRECO_PRODUTO) values (1,11,3,3,to_date('06-DEC-21','DD-MON-RR'),null);
Insert into GINASIO.FATURAS (ID_FATURA,ID_CLIENTE,ID_RECECIONISTA,ID_PRODUTO,DATA,PRECO_PRODUTO) values (2,11,3,3,to_date('25-MAR-21','DD-MON-RR'),null);
Insert into GINASIO.FATURAS (ID_FATURA,ID_CLIENTE,ID_RECECIONISTA,ID_PRODUTO,DATA,PRECO_PRODUTO) values (3,12,3,4,to_date('11-NOV-21','DD-MON-RR'),null);
Insert into GINASIO.FATURAS (ID_FATURA,ID_CLIENTE,ID_RECECIONISTA,ID_PRODUTO,DATA,PRECO_PRODUTO) values (4,22,1,2,to_date('17-MAY-21','DD-MON-RR'),null);
Insert into GINASIO.FATURAS (ID_FATURA,ID_CLIENTE,ID_RECECIONISTA,ID_PRODUTO,DATA,PRECO_PRODUTO) values (5,2,3,3,to_date('18-FEB-21','DD-MON-RR'),null);
Insert into GINASIO.FATURAS (ID_FATURA,ID_CLIENTE,ID_RECECIONISTA,ID_PRODUTO,DATA,PRECO_PRODUTO) values (6,29,4,1,to_date('04-MAY-21','DD-MON-RR'),null);
Insert into GINASIO.FATURAS (ID_FATURA,ID_CLIENTE,ID_RECECIONISTA,ID_PRODUTO,DATA,PRECO_PRODUTO) values (7,1,4,3,to_date('28-NOV-21','DD-MON-RR'),null);
Insert into GINASIO.FATURAS (ID_FATURA,ID_CLIENTE,ID_RECECIONISTA,ID_PRODUTO,DATA,PRECO_PRODUTO) values (8,24,2,5,to_date('29-DEC-21','DD-MON-RR'),null);
Insert into GINASIO.FATURAS (ID_FATURA,ID_CLIENTE,ID_RECECIONISTA,ID_PRODUTO,DATA,PRECO_PRODUTO) values (9,25,3,5,to_date('16-SEP-21','DD-MON-RR'),null);
Insert into GINASIO.FATURAS (ID_FATURA,ID_CLIENTE,ID_RECECIONISTA,ID_PRODUTO,DATA,PRECO_PRODUTO) values (10,4,2,4,to_date('03-DEC-21','DD-MON-RR'),null);
Insert into GINASIO.FATURAS (ID_FATURA,ID_CLIENTE,ID_RECECIONISTA,ID_PRODUTO,DATA,PRECO_PRODUTO) values (11,11,5,2,to_date('06-DEC-21','DD-MON-RR'),null);
Insert into GINASIO.FATURAS (ID_FATURA,ID_CLIENTE,ID_RECECIONISTA,ID_PRODUTO,DATA,PRECO_PRODUTO) values (12,38,2,5,to_date('10-APR-21','DD-MON-RR'),null);
Insert into GINASIO.FATURAS (ID_FATURA,ID_CLIENTE,ID_RECECIONISTA,ID_PRODUTO,DATA,PRECO_PRODUTO) values (13,25,2,4,to_date('24-MAY-21','DD-MON-RR'),null);
Insert into GINASIO.FATURAS (ID_FATURA,ID_CLIENTE,ID_RECECIONISTA,ID_PRODUTO,DATA,PRECO_PRODUTO) values (14,3,2,5,to_date('31-JUL-21','DD-MON-RR'),null);
Insert into GINASIO.FATURAS (ID_FATURA,ID_CLIENTE,ID_RECECIONISTA,ID_PRODUTO,DATA,PRECO_PRODUTO) values (15,9,2,1,to_date('06-FEB-21','DD-MON-RR'),null);
Insert into GINASIO.FATURAS (ID_FATURA,ID_CLIENTE,ID_RECECIONISTA,ID_PRODUTO,DATA,PRECO_PRODUTO) values (16,5,2,3,to_date('10-JAN-21','DD-MON-RR'),null);
Insert into GINASIO.FATURAS (ID_FATURA,ID_CLIENTE,ID_RECECIONISTA,ID_PRODUTO,DATA,PRECO_PRODUTO) values (17,49,2,2,to_date('09-OCT-21','DD-MON-RR'),null);
Insert into GINASIO.FATURAS (ID_FATURA,ID_CLIENTE,ID_RECECIONISTA,ID_PRODUTO,DATA,PRECO_PRODUTO) values (18,39,3,4,to_date('10-JUL-21','DD-MON-RR'),null);
Insert into GINASIO.FATURAS (ID_FATURA,ID_CLIENTE,ID_RECECIONISTA,ID_PRODUTO,DATA,PRECO_PRODUTO) values (19,19,5,2,to_date('21-JAN-21','DD-MON-RR'),null);
Insert into GINASIO.FATURAS (ID_FATURA,ID_CLIENTE,ID_RECECIONISTA,ID_PRODUTO,DATA,PRECO_PRODUTO) values (20,42,5,1,to_date('19-JUN-21','DD-MON-RR'),null);
Insert into GINASIO.FATURAS (ID_FATURA,ID_CLIENTE,ID_RECECIONISTA,ID_PRODUTO,DATA,PRECO_PRODUTO) values (21,48,5,5,to_date('03-JAN-21','DD-MON-RR'),null);
Insert into GINASIO.FATURAS (ID_FATURA,ID_CLIENTE,ID_RECECIONISTA,ID_PRODUTO,DATA,PRECO_PRODUTO) values (22,18,1,2,to_date('25-DEC-20','DD-MON-RR'),null);
Insert into GINASIO.FATURAS (ID_FATURA,ID_CLIENTE,ID_RECECIONISTA,ID_PRODUTO,DATA,PRECO_PRODUTO) values (23,19,2,1,to_date('30-SEP-21','DD-MON-RR'),null);
Insert into GINASIO.FATURAS (ID_FATURA,ID_CLIENTE,ID_RECECIONISTA,ID_PRODUTO,DATA,PRECO_PRODUTO) values (24,29,1,5,to_date('19-MAY-21','DD-MON-RR'),null);
Insert into GINASIO.FATURAS (ID_FATURA,ID_CLIENTE,ID_RECECIONISTA,ID_PRODUTO,DATA,PRECO_PRODUTO) values (25,48,2,3,to_date('05-MAR-21','DD-MON-RR'),null);
Insert into GINASIO.FATURAS (ID_FATURA,ID_CLIENTE,ID_RECECIONISTA,ID_PRODUTO,DATA,PRECO_PRODUTO) values (26,32,2,3,to_date('10-JAN-21','DD-MON-RR'),null);
Insert into GINASIO.FATURAS (ID_FATURA,ID_CLIENTE,ID_RECECIONISTA,ID_PRODUTO,DATA,PRECO_PRODUTO) values (27,28,4,3,to_date('17-APR-21','DD-MON-RR'),null);
Insert into GINASIO.FATURAS (ID_FATURA,ID_CLIENTE,ID_RECECIONISTA,ID_PRODUTO,DATA,PRECO_PRODUTO) values (28,44,3,2,to_date('03-FEB-21','DD-MON-RR'),null);
Insert into GINASIO.FATURAS (ID_FATURA,ID_CLIENTE,ID_RECECIONISTA,ID_PRODUTO,DATA,PRECO_PRODUTO) values (29,26,5,3,to_date('29-JAN-21','DD-MON-RR'),null);
Insert into GINASIO.FATURAS (ID_FATURA,ID_CLIENTE,ID_RECECIONISTA,ID_PRODUTO,DATA,PRECO_PRODUTO) values (30,18,1,2,to_date('19-OCT-21','DD-MON-RR'),null);
Insert into GINASIO.FATURAS (ID_FATURA,ID_CLIENTE,ID_RECECIONISTA,ID_PRODUTO,DATA,PRECO_PRODUTO) values (31,49,4,5,to_date('06-JAN-21','DD-MON-RR'),null);
Insert into GINASIO.FATURAS (ID_FATURA,ID_CLIENTE,ID_RECECIONISTA,ID_PRODUTO,DATA,PRECO_PRODUTO) values (32,9,1,3,to_date('02-MAY-21','DD-MON-RR'),null);
Insert into GINASIO.FATURAS (ID_FATURA,ID_CLIENTE,ID_RECECIONISTA,ID_PRODUTO,DATA,PRECO_PRODUTO) values (33,27,4,2,to_date('12-MAY-21','DD-MON-RR'),null);
Insert into GINASIO.FATURAS (ID_FATURA,ID_CLIENTE,ID_RECECIONISTA,ID_PRODUTO,DATA,PRECO_PRODUTO) values (34,5,3,5,to_date('16-JAN-21','DD-MON-RR'),null);
Insert into GINASIO.FATURAS (ID_FATURA,ID_CLIENTE,ID_RECECIONISTA,ID_PRODUTO,DATA,PRECO_PRODUTO) values (35,7,5,3,to_date('19-OCT-21','DD-MON-RR'),null);
Insert into GINASIO.FATURAS (ID_FATURA,ID_CLIENTE,ID_RECECIONISTA,ID_PRODUTO,DATA,PRECO_PRODUTO) values (36,20,2,3,to_date('22-APR-21','DD-MON-RR'),null);
Insert into GINASIO.FATURAS (ID_FATURA,ID_CLIENTE,ID_RECECIONISTA,ID_PRODUTO,DATA,PRECO_PRODUTO) values (37,36,4,5,to_date('23-JUL-21','DD-MON-RR'),null);
Insert into GINASIO.FATURAS (ID_FATURA,ID_CLIENTE,ID_RECECIONISTA,ID_PRODUTO,DATA,PRECO_PRODUTO) values (38,25,2,2,to_date('10-JUL-21','DD-MON-RR'),null);
Insert into GINASIO.FATURAS (ID_FATURA,ID_CLIENTE,ID_RECECIONISTA,ID_PRODUTO,DATA,PRECO_PRODUTO) values (39,49,5,1,to_date('29-SEP-21','DD-MON-RR'),null);
Insert into GINASIO.FATURAS (ID_FATURA,ID_CLIENTE,ID_RECECIONISTA,ID_PRODUTO,DATA,PRECO_PRODUTO) values (40,29,4,5,to_date('29-AUG-21','DD-MON-RR'),null);
Insert into GINASIO.FATURAS (ID_FATURA,ID_CLIENTE,ID_RECECIONISTA,ID_PRODUTO,DATA,PRECO_PRODUTO) values (41,31,2,4,to_date('19-JAN-21','DD-MON-RR'),null);
Insert into GINASIO.FATURAS (ID_FATURA,ID_CLIENTE,ID_RECECIONISTA,ID_PRODUTO,DATA,PRECO_PRODUTO) values (42,35,1,4,to_date('13-MAY-21','DD-MON-RR'),null);
Insert into GINASIO.FATURAS (ID_FATURA,ID_CLIENTE,ID_RECECIONISTA,ID_PRODUTO,DATA,PRECO_PRODUTO) values (43,33,4,2,to_date('01-NOV-21','DD-MON-RR'),null);
Insert into GINASIO.FATURAS (ID_FATURA,ID_CLIENTE,ID_RECECIONISTA,ID_PRODUTO,DATA,PRECO_PRODUTO) values (44,6,4,1,to_date('28-SEP-21','DD-MON-RR'),null);
Insert into GINASIO.FATURAS (ID_FATURA,ID_CLIENTE,ID_RECECIONISTA,ID_PRODUTO,DATA,PRECO_PRODUTO) values (45,22,2,4,to_date('18-JAN-21','DD-MON-RR'),null);
Insert into GINASIO.FATURAS (ID_FATURA,ID_CLIENTE,ID_RECECIONISTA,ID_PRODUTO,DATA,PRECO_PRODUTO) values (46,42,3,4,to_date('03-NOV-21','DD-MON-RR'),null);
Insert into GINASIO.FATURAS (ID_FATURA,ID_CLIENTE,ID_RECECIONISTA,ID_PRODUTO,DATA,PRECO_PRODUTO) values (47,33,1,1,to_date('31-JAN-21','DD-MON-RR'),null);
Insert into GINASIO.FATURAS (ID_FATURA,ID_CLIENTE,ID_RECECIONISTA,ID_PRODUTO,DATA,PRECO_PRODUTO) values (48,47,3,2,to_date('13-JUN-21','DD-MON-RR'),null);
Insert into GINASIO.FATURAS (ID_FATURA,ID_CLIENTE,ID_RECECIONISTA,ID_PRODUTO,DATA,PRECO_PRODUTO) values (49,49,2,5,to_date('09-SEP-21','DD-MON-RR'),null);
Insert into GINASIO.FATURAS (ID_FATURA,ID_CLIENTE,ID_RECECIONISTA,ID_PRODUTO,DATA,PRECO_PRODUTO) values (50,37,3,1,to_date('26-JAN-21','DD-MON-RR'),null);
Insert into GINASIO.FATURAS (ID_FATURA,ID_CLIENTE,ID_RECECIONISTA,ID_PRODUTO,DATA,PRECO_PRODUTO) values (51,32,2,4,to_date('24-MAR-21','DD-MON-RR'),null);
Insert into GINASIO.FATURAS (ID_FATURA,ID_CLIENTE,ID_RECECIONISTA,ID_PRODUTO,DATA,PRECO_PRODUTO) values (52,12,3,2,to_date('10-JUN-21','DD-MON-RR'),null);
Insert into GINASIO.FATURAS (ID_FATURA,ID_CLIENTE,ID_RECECIONISTA,ID_PRODUTO,DATA,PRECO_PRODUTO) values (53,47,1,1,to_date('05-JUN-21','DD-MON-RR'),null);
Insert into GINASIO.FATURAS (ID_FATURA,ID_CLIENTE,ID_RECECIONISTA,ID_PRODUTO,DATA,PRECO_PRODUTO) values (54,16,5,2,to_date('14-MAY-21','DD-MON-RR'),null);
Insert into GINASIO.FATURAS (ID_FATURA,ID_CLIENTE,ID_RECECIONISTA,ID_PRODUTO,DATA,PRECO_PRODUTO) values (55,1,4,4,to_date('20-NOV-21','DD-MON-RR'),null);
Insert into GINASIO.FATURAS (ID_FATURA,ID_CLIENTE,ID_RECECIONISTA,ID_PRODUTO,DATA,PRECO_PRODUTO) values (56,16,4,4,to_date('13-AUG-21','DD-MON-RR'),null);
Insert into GINASIO.FATURAS (ID_FATURA,ID_CLIENTE,ID_RECECIONISTA,ID_PRODUTO,DATA,PRECO_PRODUTO) values (57,40,5,5,to_date('01-MAY-21','DD-MON-RR'),null);
Insert into GINASIO.FATURAS (ID_FATURA,ID_CLIENTE,ID_RECECIONISTA,ID_PRODUTO,DATA,PRECO_PRODUTO) values (58,15,4,5,to_date('04-MAR-21','DD-MON-RR'),null);
Insert into GINASIO.FATURAS (ID_FATURA,ID_CLIENTE,ID_RECECIONISTA,ID_PRODUTO,DATA,PRECO_PRODUTO) values (59,21,2,4,to_date('17-MAR-21','DD-MON-RR'),null);
Insert into GINASIO.FATURAS (ID_FATURA,ID_CLIENTE,ID_RECECIONISTA,ID_PRODUTO,DATA,PRECO_PRODUTO) values (60,49,1,4,to_date('04-JUN-21','DD-MON-RR'),null);
Insert into GINASIO.FATURAS (ID_FATURA,ID_CLIENTE,ID_RECECIONISTA,ID_PRODUTO,DATA,PRECO_PRODUTO) values (61,17,2,5,to_date('03-FEB-21','DD-MON-RR'),null);
Insert into GINASIO.FATURAS (ID_FATURA,ID_CLIENTE,ID_RECECIONISTA,ID_PRODUTO,DATA,PRECO_PRODUTO) values (62,44,1,4,to_date('06-JUL-21','DD-MON-RR'),null);
Insert into GINASIO.FATURAS (ID_FATURA,ID_CLIENTE,ID_RECECIONISTA,ID_PRODUTO,DATA,PRECO_PRODUTO) values (63,41,5,1,to_date('22-JUL-21','DD-MON-RR'),null);
Insert into GINASIO.FATURAS (ID_FATURA,ID_CLIENTE,ID_RECECIONISTA,ID_PRODUTO,DATA,PRECO_PRODUTO) values (64,6,3,4,to_date('17-JUL-21','DD-MON-RR'),null);
Insert into GINASIO.FATURAS (ID_FATURA,ID_CLIENTE,ID_RECECIONISTA,ID_PRODUTO,DATA,PRECO_PRODUTO) values (65,1,4,4,to_date('31-DEC-21','DD-MON-RR'),null);
Insert into GINASIO.FATURAS (ID_FATURA,ID_CLIENTE,ID_RECECIONISTA,ID_PRODUTO,DATA,PRECO_PRODUTO) values (66,17,1,3,to_date('20-JAN-21','DD-MON-RR'),null);
Insert into GINASIO.FATURAS (ID_FATURA,ID_CLIENTE,ID_RECECIONISTA,ID_PRODUTO,DATA,PRECO_PRODUTO) values (67,2,4,4,to_date('15-MAR-21','DD-MON-RR'),null);
Insert into GINASIO.FATURAS (ID_FATURA,ID_CLIENTE,ID_RECECIONISTA,ID_PRODUTO,DATA,PRECO_PRODUTO) values (68,9,1,4,to_date('21-JAN-21','DD-MON-RR'),null);
Insert into GINASIO.FATURAS (ID_FATURA,ID_CLIENTE,ID_RECECIONISTA,ID_PRODUTO,DATA,PRECO_PRODUTO) values (69,15,5,1,to_date('24-OCT-21','DD-MON-RR'),null);
Insert into GINASIO.FATURAS (ID_FATURA,ID_CLIENTE,ID_RECECIONISTA,ID_PRODUTO,DATA,PRECO_PRODUTO) values (70,22,2,2,to_date('24-FEB-21','DD-MON-RR'),null);
Insert into GINASIO.FATURAS (ID_FATURA,ID_CLIENTE,ID_RECECIONISTA,ID_PRODUTO,DATA,PRECO_PRODUTO) values (71,16,2,4,to_date('02-NOV-21','DD-MON-RR'),null);
Insert into GINASIO.FATURAS (ID_FATURA,ID_CLIENTE,ID_RECECIONISTA,ID_PRODUTO,DATA,PRECO_PRODUTO) values (72,46,5,1,to_date('04-MAY-21','DD-MON-RR'),null);
Insert into GINASIO.FATURAS (ID_FATURA,ID_CLIENTE,ID_RECECIONISTA,ID_PRODUTO,DATA,PRECO_PRODUTO) values (73,21,5,1,to_date('14-NOV-21','DD-MON-RR'),null);
Insert into GINASIO.FATURAS (ID_FATURA,ID_CLIENTE,ID_RECECIONISTA,ID_PRODUTO,DATA,PRECO_PRODUTO) values (74,32,2,1,to_date('20-OCT-21','DD-MON-RR'),null);
Insert into GINASIO.FATURAS (ID_FATURA,ID_CLIENTE,ID_RECECIONISTA,ID_PRODUTO,DATA,PRECO_PRODUTO) values (75,4,2,5,to_date('07-DEC-21','DD-MON-RR'),null);
Insert into GINASIO.FATURAS (ID_FATURA,ID_CLIENTE,ID_RECECIONISTA,ID_PRODUTO,DATA,PRECO_PRODUTO) values (76,22,2,5,to_date('05-FEB-21','DD-MON-RR'),null);
Insert into GINASIO.FATURAS (ID_FATURA,ID_CLIENTE,ID_RECECIONISTA,ID_PRODUTO,DATA,PRECO_PRODUTO) values (77,33,1,4,to_date('29-JUL-21','DD-MON-RR'),null);
Insert into GINASIO.FATURAS (ID_FATURA,ID_CLIENTE,ID_RECECIONISTA,ID_PRODUTO,DATA,PRECO_PRODUTO) values (78,22,2,4,to_date('07-SEP-21','DD-MON-RR'),null);
Insert into GINASIO.FATURAS (ID_FATURA,ID_CLIENTE,ID_RECECIONISTA,ID_PRODUTO,DATA,PRECO_PRODUTO) values (79,39,3,3,to_date('30-DEC-20','DD-MON-RR'),null);
Insert into GINASIO.FATURAS (ID_FATURA,ID_CLIENTE,ID_RECECIONISTA,ID_PRODUTO,DATA,PRECO_PRODUTO) values (80,25,3,5,to_date('30-APR-21','DD-MON-RR'),null);
Insert into GINASIO.FATURAS (ID_FATURA,ID_CLIENTE,ID_RECECIONISTA,ID_PRODUTO,DATA,PRECO_PRODUTO) values (81,3,4,4,to_date('14-DEC-20','DD-MON-RR'),null);
Insert into GINASIO.FATURAS (ID_FATURA,ID_CLIENTE,ID_RECECIONISTA,ID_PRODUTO,DATA,PRECO_PRODUTO) values (82,29,2,3,to_date('31-DEC-21','DD-MON-RR'),null);
Insert into GINASIO.FATURAS (ID_FATURA,ID_CLIENTE,ID_RECECIONISTA,ID_PRODUTO,DATA,PRECO_PRODUTO) values (83,47,3,5,to_date('30-MAR-21','DD-MON-RR'),null);
Insert into GINASIO.FATURAS (ID_FATURA,ID_CLIENTE,ID_RECECIONISTA,ID_PRODUTO,DATA,PRECO_PRODUTO) values (84,36,3,5,to_date('06-NOV-21','DD-MON-RR'),null);
Insert into GINASIO.FATURAS (ID_FATURA,ID_CLIENTE,ID_RECECIONISTA,ID_PRODUTO,DATA,PRECO_PRODUTO) values (85,41,2,5,to_date('03-APR-21','DD-MON-RR'),null);
Insert into GINASIO.FATURAS (ID_FATURA,ID_CLIENTE,ID_RECECIONISTA,ID_PRODUTO,DATA,PRECO_PRODUTO) values (86,1,2,2,to_date('12-AUG-21','DD-MON-RR'),null);
Insert into GINASIO.FATURAS (ID_FATURA,ID_CLIENTE,ID_RECECIONISTA,ID_PRODUTO,DATA,PRECO_PRODUTO) values (87,30,4,5,to_date('25-JUL-21','DD-MON-RR'),null);
Insert into GINASIO.FATURAS (ID_FATURA,ID_CLIENTE,ID_RECECIONISTA,ID_PRODUTO,DATA,PRECO_PRODUTO) values (88,16,3,4,to_date('14-JAN-21','DD-MON-RR'),null);
Insert into GINASIO.FATURAS (ID_FATURA,ID_CLIENTE,ID_RECECIONISTA,ID_PRODUTO,DATA,PRECO_PRODUTO) values (89,28,2,4,to_date('19-OCT-21','DD-MON-RR'),null);
Insert into GINASIO.FATURAS (ID_FATURA,ID_CLIENTE,ID_RECECIONISTA,ID_PRODUTO,DATA,PRECO_PRODUTO) values (90,46,5,1,to_date('04-NOV-21','DD-MON-RR'),null);
Insert into GINASIO.FATURAS (ID_FATURA,ID_CLIENTE,ID_RECECIONISTA,ID_PRODUTO,DATA,PRECO_PRODUTO) values (91,23,1,5,to_date('12-SEP-21','DD-MON-RR'),null);
Insert into GINASIO.FATURAS (ID_FATURA,ID_CLIENTE,ID_RECECIONISTA,ID_PRODUTO,DATA,PRECO_PRODUTO) values (92,43,1,5,to_date('23-NOV-21','DD-MON-RR'),null);
Insert into GINASIO.FATURAS (ID_FATURA,ID_CLIENTE,ID_RECECIONISTA,ID_PRODUTO,DATA,PRECO_PRODUTO) values (93,11,4,2,to_date('02-FEB-21','DD-MON-RR'),null);
Insert into GINASIO.FATURAS (ID_FATURA,ID_CLIENTE,ID_RECECIONISTA,ID_PRODUTO,DATA,PRECO_PRODUTO) values (94,39,5,5,to_date('31-JAN-21','DD-MON-RR'),null);
Insert into GINASIO.FATURAS (ID_FATURA,ID_CLIENTE,ID_RECECIONISTA,ID_PRODUTO,DATA,PRECO_PRODUTO) values (95,24,3,2,to_date('07-NOV-21','DD-MON-RR'),null);
Insert into GINASIO.FATURAS (ID_FATURA,ID_CLIENTE,ID_RECECIONISTA,ID_PRODUTO,DATA,PRECO_PRODUTO) values (96,21,3,5,to_date('09-JUN-21','DD-MON-RR'),null);
Insert into GINASIO.FATURAS (ID_FATURA,ID_CLIENTE,ID_RECECIONISTA,ID_PRODUTO,DATA,PRECO_PRODUTO) values (97,3,4,3,to_date('31-DEC-20','DD-MON-RR'),null);
Insert into GINASIO.FATURAS (ID_FATURA,ID_CLIENTE,ID_RECECIONISTA,ID_PRODUTO,DATA,PRECO_PRODUTO) values (98,27,4,3,to_date('01-APR-21','DD-MON-RR'),null);
Insert into GINASIO.FATURAS (ID_FATURA,ID_CLIENTE,ID_RECECIONISTA,ID_PRODUTO,DATA,PRECO_PRODUTO) values (99,17,1,2,to_date('17-JUN-21','DD-MON-RR'),null);
Insert into GINASIO.FATURAS (ID_FATURA,ID_CLIENTE,ID_RECECIONISTA,ID_PRODUTO,DATA,PRECO_PRODUTO) values (100,24,5,4,to_date('07-OCT-21','DD-MON-RR'),null);
REM INSERTING into GINASIO.FICHAS_CLIENTE_AVALIACAO
SET DEFINE OFF;
Insert into GINASIO.FICHAS_CLIENTE_AVALIACAO (ID_FICHAA,ID_CLIENTE,DATA,PESO,ALTURA,PRESSAOARTERIAL,CINTURA,ANCA,MASSAGORDA,MASSAMAGRA,OBJETIVO,ATIVIDADE_FISICA) values (1,47,to_date('29-SEP-20','DD-MON-RR'),62,25,1,3,6,52,86,'y','r');
Insert into GINASIO.FICHAS_CLIENTE_AVALIACAO (ID_FICHAA,ID_CLIENTE,DATA,PESO,ALTURA,PRESSAOARTERIAL,CINTURA,ANCA,MASSAGORDA,MASSAMAGRA,OBJETIVO,ATIVIDADE_FISICA) values (2,32,to_date('10-JUN-21','DD-MON-RR'),198,125,4,3,3,78,79,'h','v');
Insert into GINASIO.FICHAS_CLIENTE_AVALIACAO (ID_FICHAA,ID_CLIENTE,DATA,PESO,ALTURA,PRESSAOARTERIAL,CINTURA,ANCA,MASSAGORDA,MASSAMAGRA,OBJETIVO,ATIVIDADE_FISICA) values (3,34,to_date('15-FEB-20','DD-MON-RR'),126,127,6,6,6,13,14,'m','p');
Insert into GINASIO.FICHAS_CLIENTE_AVALIACAO (ID_FICHAA,ID_CLIENTE,DATA,PESO,ALTURA,PRESSAOARTERIAL,CINTURA,ANCA,MASSAGORDA,MASSAMAGRA,OBJETIVO,ATIVIDADE_FISICA) values (4,40,to_date('29-MAY-21','DD-MON-RR'),189,20,4,4,6,11,11,'g','z');
Insert into GINASIO.FICHAS_CLIENTE_AVALIACAO (ID_FICHAA,ID_CLIENTE,DATA,PESO,ALTURA,PRESSAOARTERIAL,CINTURA,ANCA,MASSAGORDA,MASSAMAGRA,OBJETIVO,ATIVIDADE_FISICA) values (5,15,to_date('22-JAN-21','DD-MON-RR'),193,83,1,2,2,23,65,'w','n');
Insert into GINASIO.FICHAS_CLIENTE_AVALIACAO (ID_FICHAA,ID_CLIENTE,DATA,PESO,ALTURA,PRESSAOARTERIAL,CINTURA,ANCA,MASSAGORDA,MASSAMAGRA,OBJETIVO,ATIVIDADE_FISICA) values (6,43,to_date('12-OCT-20','DD-MON-RR'),41,58,5,1,3,26,73,'s','g');
Insert into GINASIO.FICHAS_CLIENTE_AVALIACAO (ID_FICHAA,ID_CLIENTE,DATA,PESO,ALTURA,PRESSAOARTERIAL,CINTURA,ANCA,MASSAGORDA,MASSAMAGRA,OBJETIVO,ATIVIDADE_FISICA) values (7,1,to_date('10-JAN-21','DD-MON-RR'),145,167,3,4,3,35,23,'m','f');
Insert into GINASIO.FICHAS_CLIENTE_AVALIACAO (ID_FICHAA,ID_CLIENTE,DATA,PESO,ALTURA,PRESSAOARTERIAL,CINTURA,ANCA,MASSAGORDA,MASSAMAGRA,OBJETIVO,ATIVIDADE_FISICA) values (8,8,to_date('19-FEB-20','DD-MON-RR'),83,42,1,4,5,9,96,'w','i');
Insert into GINASIO.FICHAS_CLIENTE_AVALIACAO (ID_FICHAA,ID_CLIENTE,DATA,PESO,ALTURA,PRESSAOARTERIAL,CINTURA,ANCA,MASSAGORDA,MASSAMAGRA,OBJETIVO,ATIVIDADE_FISICA) values (9,47,to_date('23-JAN-21','DD-MON-RR'),200,238,2,2,2,43,24,'a','m');
Insert into GINASIO.FICHAS_CLIENTE_AVALIACAO (ID_FICHAA,ID_CLIENTE,DATA,PESO,ALTURA,PRESSAOARTERIAL,CINTURA,ANCA,MASSAGORDA,MASSAMAGRA,OBJETIVO,ATIVIDADE_FISICA) values (10,8,to_date('03-JUN-20','DD-MON-RR'),180,75,4,6,5,94,20,'h','e');
Insert into GINASIO.FICHAS_CLIENTE_AVALIACAO (ID_FICHAA,ID_CLIENTE,DATA,PESO,ALTURA,PRESSAOARTERIAL,CINTURA,ANCA,MASSAGORDA,MASSAMAGRA,OBJETIVO,ATIVIDADE_FISICA) values (11,47,to_date('14-MAY-21','DD-MON-RR'),151,19,4,3,6,47,14,'s','o');
Insert into GINASIO.FICHAS_CLIENTE_AVALIACAO (ID_FICHAA,ID_CLIENTE,DATA,PESO,ALTURA,PRESSAOARTERIAL,CINTURA,ANCA,MASSAGORDA,MASSAMAGRA,OBJETIVO,ATIVIDADE_FISICA) values (12,42,to_date('23-APR-21','DD-MON-RR'),139,78,1,4,3,72,93,'l','v');
Insert into GINASIO.FICHAS_CLIENTE_AVALIACAO (ID_FICHAA,ID_CLIENTE,DATA,PESO,ALTURA,PRESSAOARTERIAL,CINTURA,ANCA,MASSAGORDA,MASSAMAGRA,OBJETIVO,ATIVIDADE_FISICA) values (13,25,to_date('05-NOV-20','DD-MON-RR'),167,245,2,3,3,52,93,'g','v');
Insert into GINASIO.FICHAS_CLIENTE_AVALIACAO (ID_FICHAA,ID_CLIENTE,DATA,PESO,ALTURA,PRESSAOARTERIAL,CINTURA,ANCA,MASSAGORDA,MASSAMAGRA,OBJETIVO,ATIVIDADE_FISICA) values (14,1,to_date('20-MAY-21','DD-MON-RR'),124,36,7,1,4,75,13,'m','k');
Insert into GINASIO.FICHAS_CLIENTE_AVALIACAO (ID_FICHAA,ID_CLIENTE,DATA,PESO,ALTURA,PRESSAOARTERIAL,CINTURA,ANCA,MASSAGORDA,MASSAMAGRA,OBJETIVO,ATIVIDADE_FISICA) values (15,3,to_date('01-NOV-20','DD-MON-RR'),148,113,3,4,7,18,16,'a','g');
Insert into GINASIO.FICHAS_CLIENTE_AVALIACAO (ID_FICHAA,ID_CLIENTE,DATA,PESO,ALTURA,PRESSAOARTERIAL,CINTURA,ANCA,MASSAGORDA,MASSAMAGRA,OBJETIVO,ATIVIDADE_FISICA) values (16,41,to_date('24-MAY-21','DD-MON-RR'),96,60,2,6,7,60,20,'v','t');
Insert into GINASIO.FICHAS_CLIENTE_AVALIACAO (ID_FICHAA,ID_CLIENTE,DATA,PESO,ALTURA,PRESSAOARTERIAL,CINTURA,ANCA,MASSAGORDA,MASSAMAGRA,OBJETIVO,ATIVIDADE_FISICA) values (17,47,to_date('08-APR-20','DD-MON-RR'),81,18,5,3,1,78,89,'b','p');
Insert into GINASIO.FICHAS_CLIENTE_AVALIACAO (ID_FICHAA,ID_CLIENTE,DATA,PESO,ALTURA,PRESSAOARTERIAL,CINTURA,ANCA,MASSAGORDA,MASSAMAGRA,OBJETIVO,ATIVIDADE_FISICA) values (18,33,to_date('24-MAY-20','DD-MON-RR'),69,57,1,3,3,21,67,'a','v');
Insert into GINASIO.FICHAS_CLIENTE_AVALIACAO (ID_FICHAA,ID_CLIENTE,DATA,PESO,ALTURA,PRESSAOARTERIAL,CINTURA,ANCA,MASSAGORDA,MASSAMAGRA,OBJETIVO,ATIVIDADE_FISICA) values (19,18,to_date('18-APR-20','DD-MON-RR'),44,84,1,6,1,46,10,'u','y');
Insert into GINASIO.FICHAS_CLIENTE_AVALIACAO (ID_FICHAA,ID_CLIENTE,DATA,PESO,ALTURA,PRESSAOARTERIAL,CINTURA,ANCA,MASSAGORDA,MASSAMAGRA,OBJETIVO,ATIVIDADE_FISICA) values (20,44,to_date('05-MAR-20','DD-MON-RR'),55,56,2,1,2,8,33,'f','x');
Insert into GINASIO.FICHAS_CLIENTE_AVALIACAO (ID_FICHAA,ID_CLIENTE,DATA,PESO,ALTURA,PRESSAOARTERIAL,CINTURA,ANCA,MASSAGORDA,MASSAMAGRA,OBJETIVO,ATIVIDADE_FISICA) values (21,26,to_date('18-MAR-21','DD-MON-RR'),127,144,3,5,6,62,24,'b','a');
Insert into GINASIO.FICHAS_CLIENTE_AVALIACAO (ID_FICHAA,ID_CLIENTE,DATA,PESO,ALTURA,PRESSAOARTERIAL,CINTURA,ANCA,MASSAGORDA,MASSAMAGRA,OBJETIVO,ATIVIDADE_FISICA) values (22,50,to_date('11-APR-21','DD-MON-RR'),67,144,4,4,3,53,4,'j','u');
Insert into GINASIO.FICHAS_CLIENTE_AVALIACAO (ID_FICHAA,ID_CLIENTE,DATA,PESO,ALTURA,PRESSAOARTERIAL,CINTURA,ANCA,MASSAGORDA,MASSAMAGRA,OBJETIVO,ATIVIDADE_FISICA) values (23,3,to_date('23-OCT-20','DD-MON-RR'),81,86,7,1,2,72,13,'t','t');
Insert into GINASIO.FICHAS_CLIENTE_AVALIACAO (ID_FICHAA,ID_CLIENTE,DATA,PESO,ALTURA,PRESSAOARTERIAL,CINTURA,ANCA,MASSAGORDA,MASSAMAGRA,OBJETIVO,ATIVIDADE_FISICA) values (24,15,to_date('20-JUL-20','DD-MON-RR'),196,65,7,6,6,7,47,'w','f');
Insert into GINASIO.FICHAS_CLIENTE_AVALIACAO (ID_FICHAA,ID_CLIENTE,DATA,PESO,ALTURA,PRESSAOARTERIAL,CINTURA,ANCA,MASSAGORDA,MASSAMAGRA,OBJETIVO,ATIVIDADE_FISICA) values (25,2,to_date('22-NOV-20','DD-MON-RR'),138,227,4,4,1,34,80,'p','y');
Insert into GINASIO.FICHAS_CLIENTE_AVALIACAO (ID_FICHAA,ID_CLIENTE,DATA,PESO,ALTURA,PRESSAOARTERIAL,CINTURA,ANCA,MASSAGORDA,MASSAMAGRA,OBJETIVO,ATIVIDADE_FISICA) values (26,30,to_date('09-JUN-20','DD-MON-RR'),55,161,2,2,7,65,18,'u','r');
Insert into GINASIO.FICHAS_CLIENTE_AVALIACAO (ID_FICHAA,ID_CLIENTE,DATA,PESO,ALTURA,PRESSAOARTERIAL,CINTURA,ANCA,MASSAGORDA,MASSAMAGRA,OBJETIVO,ATIVIDADE_FISICA) values (27,14,to_date('10-AUG-20','DD-MON-RR'),176,106,7,1,4,37,44,'r','v');
Insert into GINASIO.FICHAS_CLIENTE_AVALIACAO (ID_FICHAA,ID_CLIENTE,DATA,PESO,ALTURA,PRESSAOARTERIAL,CINTURA,ANCA,MASSAGORDA,MASSAMAGRA,OBJETIVO,ATIVIDADE_FISICA) values (28,38,to_date('12-SEP-20','DD-MON-RR'),154,136,3,5,4,2,14,'a','n');
Insert into GINASIO.FICHAS_CLIENTE_AVALIACAO (ID_FICHAA,ID_CLIENTE,DATA,PESO,ALTURA,PRESSAOARTERIAL,CINTURA,ANCA,MASSAGORDA,MASSAMAGRA,OBJETIVO,ATIVIDADE_FISICA) values (29,44,to_date('28-MAR-20','DD-MON-RR'),118,160,1,6,4,22,20,'y','o');
Insert into GINASIO.FICHAS_CLIENTE_AVALIACAO (ID_FICHAA,ID_CLIENTE,DATA,PESO,ALTURA,PRESSAOARTERIAL,CINTURA,ANCA,MASSAGORDA,MASSAMAGRA,OBJETIVO,ATIVIDADE_FISICA) values (30,20,to_date('30-APR-21','DD-MON-RR'),64,128,5,1,5,9,14,'d','c');
Insert into GINASIO.FICHAS_CLIENTE_AVALIACAO (ID_FICHAA,ID_CLIENTE,DATA,PESO,ALTURA,PRESSAOARTERIAL,CINTURA,ANCA,MASSAGORDA,MASSAMAGRA,OBJETIVO,ATIVIDADE_FISICA) values (31,36,to_date('23-JUN-20','DD-MON-RR'),44,149,6,4,1,32,13,'g','f');
Insert into GINASIO.FICHAS_CLIENTE_AVALIACAO (ID_FICHAA,ID_CLIENTE,DATA,PESO,ALTURA,PRESSAOARTERIAL,CINTURA,ANCA,MASSAGORDA,MASSAMAGRA,OBJETIVO,ATIVIDADE_FISICA) values (32,46,to_date('20-MAR-20','DD-MON-RR'),57,200,4,3,5,59,12,'p','g');
Insert into GINASIO.FICHAS_CLIENTE_AVALIACAO (ID_FICHAA,ID_CLIENTE,DATA,PESO,ALTURA,PRESSAOARTERIAL,CINTURA,ANCA,MASSAGORDA,MASSAMAGRA,OBJETIVO,ATIVIDADE_FISICA) values (33,9,to_date('02-FEB-21','DD-MON-RR'),53,94,2,5,5,29,63,'i','w');
Insert into GINASIO.FICHAS_CLIENTE_AVALIACAO (ID_FICHAA,ID_CLIENTE,DATA,PESO,ALTURA,PRESSAOARTERIAL,CINTURA,ANCA,MASSAGORDA,MASSAMAGRA,OBJETIVO,ATIVIDADE_FISICA) values (34,8,to_date('20-SEP-20','DD-MON-RR'),45,113,2,4,1,67,59,'d','k');
Insert into GINASIO.FICHAS_CLIENTE_AVALIACAO (ID_FICHAA,ID_CLIENTE,DATA,PESO,ALTURA,PRESSAOARTERIAL,CINTURA,ANCA,MASSAGORDA,MASSAMAGRA,OBJETIVO,ATIVIDADE_FISICA) values (35,25,to_date('30-JUL-20','DD-MON-RR'),106,175,1,2,2,24,46,'q','n');
Insert into GINASIO.FICHAS_CLIENTE_AVALIACAO (ID_FICHAA,ID_CLIENTE,DATA,PESO,ALTURA,PRESSAOARTERIAL,CINTURA,ANCA,MASSAGORDA,MASSAMAGRA,OBJETIVO,ATIVIDADE_FISICA) values (36,37,to_date('08-APR-21','DD-MON-RR'),125,239,1,7,1,12,15,'h','k');
Insert into GINASIO.FICHAS_CLIENTE_AVALIACAO (ID_FICHAA,ID_CLIENTE,DATA,PESO,ALTURA,PRESSAOARTERIAL,CINTURA,ANCA,MASSAGORDA,MASSAMAGRA,OBJETIVO,ATIVIDADE_FISICA) values (37,8,to_date('07-MAR-20','DD-MON-RR'),155,196,6,1,6,13,73,'s','p');
Insert into GINASIO.FICHAS_CLIENTE_AVALIACAO (ID_FICHAA,ID_CLIENTE,DATA,PESO,ALTURA,PRESSAOARTERIAL,CINTURA,ANCA,MASSAGORDA,MASSAMAGRA,OBJETIVO,ATIVIDADE_FISICA) values (38,31,to_date('07-MAY-20','DD-MON-RR'),150,131,3,2,2,96,67,'r','z');
Insert into GINASIO.FICHAS_CLIENTE_AVALIACAO (ID_FICHAA,ID_CLIENTE,DATA,PESO,ALTURA,PRESSAOARTERIAL,CINTURA,ANCA,MASSAGORDA,MASSAMAGRA,OBJETIVO,ATIVIDADE_FISICA) values (39,15,to_date('21-DEC-20','DD-MON-RR'),154,136,1,7,2,67,99,'s','n');
Insert into GINASIO.FICHAS_CLIENTE_AVALIACAO (ID_FICHAA,ID_CLIENTE,DATA,PESO,ALTURA,PRESSAOARTERIAL,CINTURA,ANCA,MASSAGORDA,MASSAMAGRA,OBJETIVO,ATIVIDADE_FISICA) values (40,17,to_date('03-MAR-21','DD-MON-RR'),142,141,1,6,3,55,33,'y','z');
Insert into GINASIO.FICHAS_CLIENTE_AVALIACAO (ID_FICHAA,ID_CLIENTE,DATA,PESO,ALTURA,PRESSAOARTERIAL,CINTURA,ANCA,MASSAGORDA,MASSAMAGRA,OBJETIVO,ATIVIDADE_FISICA) values (41,7,to_date('28-JUN-20','DD-MON-RR'),195,225,3,4,2,54,92,'l','b');
Insert into GINASIO.FICHAS_CLIENTE_AVALIACAO (ID_FICHAA,ID_CLIENTE,DATA,PESO,ALTURA,PRESSAOARTERIAL,CINTURA,ANCA,MASSAGORDA,MASSAMAGRA,OBJETIVO,ATIVIDADE_FISICA) values (42,16,to_date('08-JUL-20','DD-MON-RR'),181,87,4,6,6,26,38,'q','h');
Insert into GINASIO.FICHAS_CLIENTE_AVALIACAO (ID_FICHAA,ID_CLIENTE,DATA,PESO,ALTURA,PRESSAOARTERIAL,CINTURA,ANCA,MASSAGORDA,MASSAMAGRA,OBJETIVO,ATIVIDADE_FISICA) values (43,11,to_date('30-APR-21','DD-MON-RR'),154,216,5,5,2,81,47,'y','f');
Insert into GINASIO.FICHAS_CLIENTE_AVALIACAO (ID_FICHAA,ID_CLIENTE,DATA,PESO,ALTURA,PRESSAOARTERIAL,CINTURA,ANCA,MASSAGORDA,MASSAMAGRA,OBJETIVO,ATIVIDADE_FISICA) values (44,30,to_date('19-DEC-20','DD-MON-RR'),48,226,2,2,2,45,67,'e','e');
Insert into GINASIO.FICHAS_CLIENTE_AVALIACAO (ID_FICHAA,ID_CLIENTE,DATA,PESO,ALTURA,PRESSAOARTERIAL,CINTURA,ANCA,MASSAGORDA,MASSAMAGRA,OBJETIVO,ATIVIDADE_FISICA) values (45,46,to_date('18-NOV-20','DD-MON-RR'),88,23,5,5,7,90,7,'u','u');
Insert into GINASIO.FICHAS_CLIENTE_AVALIACAO (ID_FICHAA,ID_CLIENTE,DATA,PESO,ALTURA,PRESSAOARTERIAL,CINTURA,ANCA,MASSAGORDA,MASSAMAGRA,OBJETIVO,ATIVIDADE_FISICA) values (46,11,to_date('09-JAN-20','DD-MON-RR'),99,104,6,3,2,73,76,'p','d');
Insert into GINASIO.FICHAS_CLIENTE_AVALIACAO (ID_FICHAA,ID_CLIENTE,DATA,PESO,ALTURA,PRESSAOARTERIAL,CINTURA,ANCA,MASSAGORDA,MASSAMAGRA,OBJETIVO,ATIVIDADE_FISICA) values (47,34,to_date('29-JUL-20','DD-MON-RR'),158,132,1,7,3,5,38,'y','a');
Insert into GINASIO.FICHAS_CLIENTE_AVALIACAO (ID_FICHAA,ID_CLIENTE,DATA,PESO,ALTURA,PRESSAOARTERIAL,CINTURA,ANCA,MASSAGORDA,MASSAMAGRA,OBJETIVO,ATIVIDADE_FISICA) values (48,13,to_date('14-SEP-20','DD-MON-RR'),69,108,6,2,6,10,74,'c','j');
Insert into GINASIO.FICHAS_CLIENTE_AVALIACAO (ID_FICHAA,ID_CLIENTE,DATA,PESO,ALTURA,PRESSAOARTERIAL,CINTURA,ANCA,MASSAGORDA,MASSAMAGRA,OBJETIVO,ATIVIDADE_FISICA) values (49,16,to_date('31-OCT-20','DD-MON-RR'),170,143,5,5,3,49,3,'d','l');
Insert into GINASIO.FICHAS_CLIENTE_AVALIACAO (ID_FICHAA,ID_CLIENTE,DATA,PESO,ALTURA,PRESSAOARTERIAL,CINTURA,ANCA,MASSAGORDA,MASSAMAGRA,OBJETIVO,ATIVIDADE_FISICA) values (50,8,to_date('07-JUN-20','DD-MON-RR'),82,14,1,3,6,59,62,'i','i');
REM INSERTING into GINASIO.FICHAS_CLIENTE_NUTRICAO
SET DEFINE OFF;
Insert into GINASIO.FICHAS_CLIENTE_NUTRICAO (ID_FICHAN,ID_CLIENTE,DATA,PESO,MASSAGORDA,MASSAMAGRA) values (1,43,to_date('04-MAY-21','DD-MON-RR'),63,32.36,2.3);
Insert into GINASIO.FICHAS_CLIENTE_NUTRICAO (ID_FICHAN,ID_CLIENTE,DATA,PESO,MASSAGORDA,MASSAMAGRA) values (2,14,to_date('08-MAR-20','DD-MON-RR'),64,28.53,60.35);
Insert into GINASIO.FICHAS_CLIENTE_NUTRICAO (ID_FICHAN,ID_CLIENTE,DATA,PESO,MASSAGORDA,MASSAMAGRA) values (3,46,to_date('28-APR-21','DD-MON-RR'),52,84.22,90.14);
Insert into GINASIO.FICHAS_CLIENTE_NUTRICAO (ID_FICHAN,ID_CLIENTE,DATA,PESO,MASSAGORDA,MASSAMAGRA) values (4,38,to_date('19-FEB-21','DD-MON-RR'),170,84.69,33.81);
Insert into GINASIO.FICHAS_CLIENTE_NUTRICAO (ID_FICHAN,ID_CLIENTE,DATA,PESO,MASSAGORDA,MASSAMAGRA) values (5,30,to_date('22-MAR-21','DD-MON-RR'),104,8.71,38.11);
Insert into GINASIO.FICHAS_CLIENTE_NUTRICAO (ID_FICHAN,ID_CLIENTE,DATA,PESO,MASSAGORDA,MASSAMAGRA) values (6,45,to_date('12-FEB-21','DD-MON-RR'),164,48.17,68.73);
Insert into GINASIO.FICHAS_CLIENTE_NUTRICAO (ID_FICHAN,ID_CLIENTE,DATA,PESO,MASSAGORDA,MASSAMAGRA) values (7,16,to_date('20-MAR-20','DD-MON-RR'),132,96.21,43.44);
Insert into GINASIO.FICHAS_CLIENTE_NUTRICAO (ID_FICHAN,ID_CLIENTE,DATA,PESO,MASSAGORDA,MASSAMAGRA) values (8,24,to_date('17-JUN-21','DD-MON-RR'),40,17.45,3.96);
Insert into GINASIO.FICHAS_CLIENTE_NUTRICAO (ID_FICHAN,ID_CLIENTE,DATA,PESO,MASSAGORDA,MASSAMAGRA) values (9,35,to_date('28-MAY-20','DD-MON-RR'),127,82.91,6.82);
Insert into GINASIO.FICHAS_CLIENTE_NUTRICAO (ID_FICHAN,ID_CLIENTE,DATA,PESO,MASSAGORDA,MASSAMAGRA) values (10,10,to_date('20-JUL-20','DD-MON-RR'),108,19.88,45.65);
Insert into GINASIO.FICHAS_CLIENTE_NUTRICAO (ID_FICHAN,ID_CLIENTE,DATA,PESO,MASSAGORDA,MASSAMAGRA) values (11,19,to_date('15-FEB-20','DD-MON-RR'),83,83.74,50.4);
Insert into GINASIO.FICHAS_CLIENTE_NUTRICAO (ID_FICHAN,ID_CLIENTE,DATA,PESO,MASSAGORDA,MASSAMAGRA) values (12,44,to_date('27-JUN-21','DD-MON-RR'),60,94.21,28.37);
Insert into GINASIO.FICHAS_CLIENTE_NUTRICAO (ID_FICHAN,ID_CLIENTE,DATA,PESO,MASSAGORDA,MASSAMAGRA) values (13,32,to_date('28-NOV-20','DD-MON-RR'),103,77.19,16.28);
Insert into GINASIO.FICHAS_CLIENTE_NUTRICAO (ID_FICHAN,ID_CLIENTE,DATA,PESO,MASSAGORDA,MASSAMAGRA) values (14,27,to_date('20-APR-20','DD-MON-RR'),167,7.43,57.36);
Insert into GINASIO.FICHAS_CLIENTE_NUTRICAO (ID_FICHAN,ID_CLIENTE,DATA,PESO,MASSAGORDA,MASSAMAGRA) values (15,13,to_date('19-JAN-20','DD-MON-RR'),196,69.25,75.82);
Insert into GINASIO.FICHAS_CLIENTE_NUTRICAO (ID_FICHAN,ID_CLIENTE,DATA,PESO,MASSAGORDA,MASSAMAGRA) values (16,40,to_date('01-MAY-21','DD-MON-RR'),63,3.92,24.87);
Insert into GINASIO.FICHAS_CLIENTE_NUTRICAO (ID_FICHAN,ID_CLIENTE,DATA,PESO,MASSAGORDA,MASSAMAGRA) values (17,18,to_date('11-FEB-20','DD-MON-RR'),125,65.1,14.25);
Insert into GINASIO.FICHAS_CLIENTE_NUTRICAO (ID_FICHAN,ID_CLIENTE,DATA,PESO,MASSAGORDA,MASSAMAGRA) values (18,12,to_date('17-JUN-21','DD-MON-RR'),68,67.97,72.18);
Insert into GINASIO.FICHAS_CLIENTE_NUTRICAO (ID_FICHAN,ID_CLIENTE,DATA,PESO,MASSAGORDA,MASSAMAGRA) values (19,29,to_date('13-JAN-20','DD-MON-RR'),59,28.15,27.52);
Insert into GINASIO.FICHAS_CLIENTE_NUTRICAO (ID_FICHAN,ID_CLIENTE,DATA,PESO,MASSAGORDA,MASSAMAGRA) values (20,1,to_date('16-OCT-20','DD-MON-RR'),156,1.09,90.5);
Insert into GINASIO.FICHAS_CLIENTE_NUTRICAO (ID_FICHAN,ID_CLIENTE,DATA,PESO,MASSAGORDA,MASSAMAGRA) values (21,11,to_date('20-MAY-20','DD-MON-RR'),79,82.04,87.92);
Insert into GINASIO.FICHAS_CLIENTE_NUTRICAO (ID_FICHAN,ID_CLIENTE,DATA,PESO,MASSAGORDA,MASSAMAGRA) values (22,49,to_date('20-APR-20','DD-MON-RR'),99,5.01,11.32);
Insert into GINASIO.FICHAS_CLIENTE_NUTRICAO (ID_FICHAN,ID_CLIENTE,DATA,PESO,MASSAGORDA,MASSAMAGRA) values (23,14,to_date('17-JAN-20','DD-MON-RR'),141,32.25,9.74);
Insert into GINASIO.FICHAS_CLIENTE_NUTRICAO (ID_FICHAN,ID_CLIENTE,DATA,PESO,MASSAGORDA,MASSAMAGRA) values (24,25,to_date('06-DEC-21','DD-MON-RR'),192,78.88,42.95);
Insert into GINASIO.FICHAS_CLIENTE_NUTRICAO (ID_FICHAN,ID_CLIENTE,DATA,PESO,MASSAGORDA,MASSAMAGRA) values (25,27,to_date('05-FEB-20','DD-MON-RR'),156,58.98,15.78);
Insert into GINASIO.FICHAS_CLIENTE_NUTRICAO (ID_FICHAN,ID_CLIENTE,DATA,PESO,MASSAGORDA,MASSAMAGRA) values (26,33,to_date('28-APR-20','DD-MON-RR'),71,90.93,9.5);
Insert into GINASIO.FICHAS_CLIENTE_NUTRICAO (ID_FICHAN,ID_CLIENTE,DATA,PESO,MASSAGORDA,MASSAMAGRA) values (27,23,to_date('03-MAR-21','DD-MON-RR'),131,48.22,49.81);
Insert into GINASIO.FICHAS_CLIENTE_NUTRICAO (ID_FICHAN,ID_CLIENTE,DATA,PESO,MASSAGORDA,MASSAMAGRA) values (28,21,to_date('21-MAY-20','DD-MON-RR'),93,31.1,99.38);
Insert into GINASIO.FICHAS_CLIENTE_NUTRICAO (ID_FICHAN,ID_CLIENTE,DATA,PESO,MASSAGORDA,MASSAMAGRA) values (29,14,to_date('11-NOV-20','DD-MON-RR'),89,89.21,3.07);
Insert into GINASIO.FICHAS_CLIENTE_NUTRICAO (ID_FICHAN,ID_CLIENTE,DATA,PESO,MASSAGORDA,MASSAMAGRA) values (30,8,to_date('18-MAR-20','DD-MON-RR'),122,60.86,55.6);
Insert into GINASIO.FICHAS_CLIENTE_NUTRICAO (ID_FICHAN,ID_CLIENTE,DATA,PESO,MASSAGORDA,MASSAMAGRA) values (31,37,to_date('10-JAN-20','DD-MON-RR'),136,20.07,5.72);
Insert into GINASIO.FICHAS_CLIENTE_NUTRICAO (ID_FICHAN,ID_CLIENTE,DATA,PESO,MASSAGORDA,MASSAMAGRA) values (32,11,to_date('27-NOV-20','DD-MON-RR'),47,14.01,95.11);
Insert into GINASIO.FICHAS_CLIENTE_NUTRICAO (ID_FICHAN,ID_CLIENTE,DATA,PESO,MASSAGORDA,MASSAMAGRA) values (33,37,to_date('09-JAN-20','DD-MON-RR'),67,52.12,99.64);
Insert into GINASIO.FICHAS_CLIENTE_NUTRICAO (ID_FICHAN,ID_CLIENTE,DATA,PESO,MASSAGORDA,MASSAMAGRA) values (34,31,to_date('06-FEB-20','DD-MON-RR'),156,65.66,50.75);
Insert into GINASIO.FICHAS_CLIENTE_NUTRICAO (ID_FICHAN,ID_CLIENTE,DATA,PESO,MASSAGORDA,MASSAMAGRA) values (35,35,to_date('05-FEB-20','DD-MON-RR'),78,32.39,90.49);
Insert into GINASIO.FICHAS_CLIENTE_NUTRICAO (ID_FICHAN,ID_CLIENTE,DATA,PESO,MASSAGORDA,MASSAMAGRA) values (36,22,to_date('01-JAN-21','DD-MON-RR'),80,49.43,27.17);
Insert into GINASIO.FICHAS_CLIENTE_NUTRICAO (ID_FICHAN,ID_CLIENTE,DATA,PESO,MASSAGORDA,MASSAMAGRA) values (37,31,to_date('08-MAR-20','DD-MON-RR'),172,16.62,21.18);
Insert into GINASIO.FICHAS_CLIENTE_NUTRICAO (ID_FICHAN,ID_CLIENTE,DATA,PESO,MASSAGORDA,MASSAMAGRA) values (38,14,to_date('06-FEB-21','DD-MON-RR'),154,97.93,19.8);
Insert into GINASIO.FICHAS_CLIENTE_NUTRICAO (ID_FICHAN,ID_CLIENTE,DATA,PESO,MASSAGORDA,MASSAMAGRA) values (39,48,to_date('12-JAN-20','DD-MON-RR'),136,24.15,97.99);
Insert into GINASIO.FICHAS_CLIENTE_NUTRICAO (ID_FICHAN,ID_CLIENTE,DATA,PESO,MASSAGORDA,MASSAMAGRA) values (40,34,to_date('02-FEB-21','DD-MON-RR'),113,64.47,88.09);
Insert into GINASIO.FICHAS_CLIENTE_NUTRICAO (ID_FICHAN,ID_CLIENTE,DATA,PESO,MASSAGORDA,MASSAMAGRA) values (41,38,to_date('10-FEB-20','DD-MON-RR'),80,60.87,11.38);
Insert into GINASIO.FICHAS_CLIENTE_NUTRICAO (ID_FICHAN,ID_CLIENTE,DATA,PESO,MASSAGORDA,MASSAMAGRA) values (42,50,to_date('05-JAN-20','DD-MON-RR'),103,88.85,54.63);
Insert into GINASIO.FICHAS_CLIENTE_NUTRICAO (ID_FICHAN,ID_CLIENTE,DATA,PESO,MASSAGORDA,MASSAMAGRA) values (43,8,to_date('04-SEP-21','DD-MON-RR'),175,91.51,9.51);
Insert into GINASIO.FICHAS_CLIENTE_NUTRICAO (ID_FICHAN,ID_CLIENTE,DATA,PESO,MASSAGORDA,MASSAMAGRA) values (44,27,to_date('04-MAY-20','DD-MON-RR'),74,22.97,20.19);
Insert into GINASIO.FICHAS_CLIENTE_NUTRICAO (ID_FICHAN,ID_CLIENTE,DATA,PESO,MASSAGORDA,MASSAMAGRA) values (45,36,to_date('11-APR-20','DD-MON-RR'),78,21.14,49.2);
Insert into GINASIO.FICHAS_CLIENTE_NUTRICAO (ID_FICHAN,ID_CLIENTE,DATA,PESO,MASSAGORDA,MASSAMAGRA) values (46,30,to_date('01-AUG-20','DD-MON-RR'),124,17.77,72.4);
Insert into GINASIO.FICHAS_CLIENTE_NUTRICAO (ID_FICHAN,ID_CLIENTE,DATA,PESO,MASSAGORDA,MASSAMAGRA) values (47,7,to_date('06-FEB-21','DD-MON-RR'),58,37.56,23.7);
Insert into GINASIO.FICHAS_CLIENTE_NUTRICAO (ID_FICHAN,ID_CLIENTE,DATA,PESO,MASSAGORDA,MASSAMAGRA) values (48,17,to_date('04-FEB-21','DD-MON-RR'),98,99.63,15.65);
Insert into GINASIO.FICHAS_CLIENTE_NUTRICAO (ID_FICHAN,ID_CLIENTE,DATA,PESO,MASSAGORDA,MASSAMAGRA) values (49,47,to_date('01-MAY-21','DD-MON-RR'),192,36.68,2.46);
Insert into GINASIO.FICHAS_CLIENTE_NUTRICAO (ID_FICHAN,ID_CLIENTE,DATA,PESO,MASSAGORDA,MASSAMAGRA) values (50,44,to_date('05-MAR-20','DD-MON-RR'),115,53.75,43.19);
REM INSERTING into GINASIO.INSTRUTORES
SET DEFINE OFF;
Insert into GINASIO.INSTRUTORES (ID_INSTRUTOR,NOME,EMAIL,PASSWORD,DATANASCIMENTO,HORAENTRADA,HORASAIDA,DIASEMANA,DATACRIACAO,DATAATUALIZACAO) values (1,'Hunt Kennington','hkennington0@baidu.com','tLCXpW',to_date('12-APR-69','DD-MON-RR'),'8:52','17:00','ab',to_date('06-JAN-20','DD-MON-RR'),to_date('09-JAN-20','DD-MON-RR'));
Insert into GINASIO.INSTRUTORES (ID_INSTRUTOR,NOME,EMAIL,PASSWORD,DATANASCIMENTO,HORAENTRADA,HORASAIDA,DIASEMANA,DATACRIACAO,DATAATUALIZACAO) values (2,'Ann Cuttin','acuttin1@digg.com','anEu7E8sSdU',to_date('05-OCT-69','DD-MON-RR'),'11:55','19:20','df',to_date('03-JAN-21','DD-MON-RR'),to_date('06-FEB-21','DD-MON-RR'));
Insert into GINASIO.INSTRUTORES (ID_INSTRUTOR,NOME,EMAIL,PASSWORD,DATANASCIMENTO,HORAENTRADA,HORASAIDA,DIASEMANA,DATACRIACAO,DATAATUALIZACAO) values (7,'Ethyl Yellep','eyellep6@bloomberg.com','7lRU55329C',to_date('18-JAN-82','DD-MON-RR'),'06:00','13:00','ef',to_date('06-JUL-20','DD-MON-RR'),to_date('10-APR-21','DD-MON-RR'));
Insert into GINASIO.INSTRUTORES (ID_INSTRUTOR,NOME,EMAIL,PASSWORD,DATANASCIMENTO,HORAENTRADA,HORASAIDA,DIASEMANA,DATACRIACAO,DATAATUALIZACAO) values (8,'Kathlin Boosey','kboosey7@4shared.com','feF4VtfAD4Mm',to_date('16-NOV-88','DD-MON-RR'),'14:27','20:30','bcd',to_date('11-JUN-20','DD-MON-RR'),to_date('02-FEB-21','DD-MON-RR'));
Insert into GINASIO.INSTRUTORES (ID_INSTRUTOR,NOME,EMAIL,PASSWORD,DATANASCIMENTO,HORAENTRADA,HORASAIDA,DIASEMANA,DATACRIACAO,DATAATUALIZACAO) values (10,'Conrad Hargraves','chargraves9@google.co.uk','NK0XJuTLp4ta',to_date('05-JAN-52','DD-MON-RR'),'10:00','15:58','aeg',to_date('03-MAR-20','DD-MON-RR'),to_date('09-JUN-21','DD-MON-RR'));
Insert into GINASIO.INSTRUTORES (ID_INSTRUTOR,NOME,EMAIL,PASSWORD,DATANASCIMENTO,HORAENTRADA,HORASAIDA,DIASEMANA,DATACRIACAO,DATAATUALIZACAO) values (6,'Colet Shakesby','cshakesby5@fastcompany.com','KUgUEr50p',to_date('31-DEC-66','DD-MON-RR'),'13:13','22:00','ac',to_date('04-MAY-20','DD-MON-RR'),to_date('07-JAN-21','DD-MON-RR'));
Insert into GINASIO.INSTRUTORES (ID_INSTRUTOR,NOME,EMAIL,PASSWORD,DATANASCIMENTO,HORAENTRADA,HORASAIDA,DIASEMANA,DATACRIACAO,DATAATUALIZACAO) values (9,'Noach Yegorov','nyegorov8@businessweek.com','n8072hbAsty',to_date('08-AUG-81','DD-MON-RR'),'12:00','19:12','bdf',to_date('04-FEB-20','DD-MON-RR'),to_date('03-MAY-21','DD-MON-RR'));
Insert into GINASIO.INSTRUTORES (ID_INSTRUTOR,NOME,EMAIL,PASSWORD,DATANASCIMENTO,HORAENTRADA,HORASAIDA,DIASEMANA,DATACRIACAO,DATAATUALIZACAO) values (3,'Llywellyn Bullene','lbullene2@unblog.fr','gySnqudGJ5mq',to_date('28-MAY-91','DD-MON-RR'),'14:25','19:25','cg',to_date('11-FEB-20','DD-MON-RR'),to_date('13-FEB-21','DD-MON-RR'));
Insert into GINASIO.INSTRUTORES (ID_INSTRUTOR,NOME,EMAIL,PASSWORD,DATANASCIMENTO,HORAENTRADA,HORASAIDA,DIASEMANA,DATACRIACAO,DATAATUALIZACAO) values (4,'Rosalyn Kayzer','rkayzer3@opera.com','pCXdF12e4bD1',to_date('24-JAN-70','DD-MON-RR'),'11:00','18:00','bf',to_date('04-JAN-21','DD-MON-RR'),to_date('02-FEB-21','DD-MON-RR'));
Insert into GINASIO.INSTRUTORES (ID_INSTRUTOR,NOME,EMAIL,PASSWORD,DATANASCIMENTO,HORAENTRADA,HORASAIDA,DIASEMANA,DATACRIACAO,DATAATUALIZACAO) values (5,'Anthea Mountney','amountney4@pinterest.com','ALBGg3CG',to_date('01-DEC-65','DD-MON-RR'),'14:09','23:20','deg',to_date('22-DEC-20','DD-MON-RR'),to_date('08-JAN-21','DD-MON-RR'));
REM INSERTING into GINASIO.LINHASFATURA
SET DEFINE OFF;
Insert into GINASIO.LINHASFATURA (LINHA_FATURA,ID_ARTIGO,QUANTIDADE,VALOR,DATA) values (1,1,1,0,to_date('11-MAY-20','DD-MON-RR'));
Insert into GINASIO.LINHASFATURA (LINHA_FATURA,ID_ARTIGO,QUANTIDADE,VALOR,DATA) values (2,4,1,0,to_date('20-AUG-20','DD-MON-RR'));
Insert into GINASIO.LINHASFATURA (LINHA_FATURA,ID_ARTIGO,QUANTIDADE,VALOR,DATA) values (4,5,1,0,to_date('23-APR-20','DD-MON-RR'));
Insert into GINASIO.LINHASFATURA (LINHA_FATURA,ID_ARTIGO,QUANTIDADE,VALOR,DATA) values (5,2,0,0,to_date('20-JUN-21','DD-MON-RR'));
Insert into GINASIO.LINHASFATURA (LINHA_FATURA,ID_ARTIGO,QUANTIDADE,VALOR,DATA) values (6,4,1,0,to_date('29-JUL-20','DD-MON-RR'));
Insert into GINASIO.LINHASFATURA (LINHA_FATURA,ID_ARTIGO,QUANTIDADE,VALOR,DATA) values (7,2,1,0,to_date('20-JUL-20','DD-MON-RR'));
Insert into GINASIO.LINHASFATURA (LINHA_FATURA,ID_ARTIGO,QUANTIDADE,VALOR,DATA) values (8,2,0,0,to_date('29-SEP-20','DD-MON-RR'));
Insert into GINASIO.LINHASFATURA (LINHA_FATURA,ID_ARTIGO,QUANTIDADE,VALOR,DATA) values (9,3,0,0,to_date('13-MAR-21','DD-MON-RR'));
Insert into GINASIO.LINHASFATURA (LINHA_FATURA,ID_ARTIGO,QUANTIDADE,VALOR,DATA) values (10,5,1,0,to_date('27-NOV-20','DD-MON-RR'));
Insert into GINASIO.LINHASFATURA (LINHA_FATURA,ID_ARTIGO,QUANTIDADE,VALOR,DATA) values (11,3,0,0,to_date('08-AUG-20','DD-MON-RR'));
Insert into GINASIO.LINHASFATURA (LINHA_FATURA,ID_ARTIGO,QUANTIDADE,VALOR,DATA) values (12,3,0,0,to_date('21-SEP-20','DD-MON-RR'));
Insert into GINASIO.LINHASFATURA (LINHA_FATURA,ID_ARTIGO,QUANTIDADE,VALOR,DATA) values (13,4,0,0,to_date('29-JUN-21','DD-MON-RR'));
Insert into GINASIO.LINHASFATURA (LINHA_FATURA,ID_ARTIGO,QUANTIDADE,VALOR,DATA) values (14,1,0,0,to_date('12-MAR-21','DD-MON-RR'));
Insert into GINASIO.LINHASFATURA (LINHA_FATURA,ID_ARTIGO,QUANTIDADE,VALOR,DATA) values (15,5,1,0,to_date('01-NOV-20','DD-MON-RR'));
Insert into GINASIO.LINHASFATURA (LINHA_FATURA,ID_ARTIGO,QUANTIDADE,VALOR,DATA) values (17,2,1,0,to_date('10-JAN-20','DD-MON-RR'));
Insert into GINASIO.LINHASFATURA (LINHA_FATURA,ID_ARTIGO,QUANTIDADE,VALOR,DATA) values (18,3,1,0,to_date('27-JUN-21','DD-MON-RR'));
Insert into GINASIO.LINHASFATURA (LINHA_FATURA,ID_ARTIGO,QUANTIDADE,VALOR,DATA) values (19,1,0,0,to_date('02-JUN-21','DD-MON-RR'));
Insert into GINASIO.LINHASFATURA (LINHA_FATURA,ID_ARTIGO,QUANTIDADE,VALOR,DATA) values (20,5,1,0,to_date('09-OCT-20','DD-MON-RR'));
Insert into GINASIO.LINHASFATURA (LINHA_FATURA,ID_ARTIGO,QUANTIDADE,VALOR,DATA) values (21,2,0,0,to_date('15-FEB-20','DD-MON-RR'));
Insert into GINASIO.LINHASFATURA (LINHA_FATURA,ID_ARTIGO,QUANTIDADE,VALOR,DATA) values (22,1,0,0,to_date('09-JUN-20','DD-MON-RR'));
Insert into GINASIO.LINHASFATURA (LINHA_FATURA,ID_ARTIGO,QUANTIDADE,VALOR,DATA) values (23,4,1,0,to_date('14-MAR-20','DD-MON-RR'));
Insert into GINASIO.LINHASFATURA (LINHA_FATURA,ID_ARTIGO,QUANTIDADE,VALOR,DATA) values (24,1,0,0,to_date('31-MAY-20','DD-MON-RR'));
Insert into GINASIO.LINHASFATURA (LINHA_FATURA,ID_ARTIGO,QUANTIDADE,VALOR,DATA) values (25,2,1,0,to_date('25-MAY-20','DD-MON-RR'));
Insert into GINASIO.LINHASFATURA (LINHA_FATURA,ID_ARTIGO,QUANTIDADE,VALOR,DATA) values (26,4,1,0,to_date('16-APR-21','DD-MON-RR'));
Insert into GINASIO.LINHASFATURA (LINHA_FATURA,ID_ARTIGO,QUANTIDADE,VALOR,DATA) values (27,5,1,0,to_date('14-JUL-20','DD-MON-RR'));
Insert into GINASIO.LINHASFATURA (LINHA_FATURA,ID_ARTIGO,QUANTIDADE,VALOR,DATA) values (28,1,0,0,to_date('21-MAY-21','DD-MON-RR'));
Insert into GINASIO.LINHASFATURA (LINHA_FATURA,ID_ARTIGO,QUANTIDADE,VALOR,DATA) values (29,1,1,0,to_date('28-MAY-20','DD-MON-RR'));
Insert into GINASIO.LINHASFATURA (LINHA_FATURA,ID_ARTIGO,QUANTIDADE,VALOR,DATA) values (31,3,1,0,to_date('31-MAR-21','DD-MON-RR'));
Insert into GINASIO.LINHASFATURA (LINHA_FATURA,ID_ARTIGO,QUANTIDADE,VALOR,DATA) values (32,2,1,0,to_date('05-MAR-21','DD-MON-RR'));
Insert into GINASIO.LINHASFATURA (LINHA_FATURA,ID_ARTIGO,QUANTIDADE,VALOR,DATA) values (33,4,1,0,to_date('18-JUL-20','DD-MON-RR'));
Insert into GINASIO.LINHASFATURA (LINHA_FATURA,ID_ARTIGO,QUANTIDADE,VALOR,DATA) values (34,2,1,0,to_date('13-MAR-20','DD-MON-RR'));
Insert into GINASIO.LINHASFATURA (LINHA_FATURA,ID_ARTIGO,QUANTIDADE,VALOR,DATA) values (35,2,1,0,to_date('24-OCT-20','DD-MON-RR'));
Insert into GINASIO.LINHASFATURA (LINHA_FATURA,ID_ARTIGO,QUANTIDADE,VALOR,DATA) values (36,2,1,0,to_date('28-JUN-21','DD-MON-RR'));
Insert into GINASIO.LINHASFATURA (LINHA_FATURA,ID_ARTIGO,QUANTIDADE,VALOR,DATA) values (37,3,1,0,to_date('24-APR-21','DD-MON-RR'));
Insert into GINASIO.LINHASFATURA (LINHA_FATURA,ID_ARTIGO,QUANTIDADE,VALOR,DATA) values (38,3,1,0,to_date('09-FEB-20','DD-MON-RR'));
Insert into GINASIO.LINHASFATURA (LINHA_FATURA,ID_ARTIGO,QUANTIDADE,VALOR,DATA) values (39,3,1,0,to_date('12-JUN-20','DD-MON-RR'));
Insert into GINASIO.LINHASFATURA (LINHA_FATURA,ID_ARTIGO,QUANTIDADE,VALOR,DATA) values (42,4,0,0,to_date('06-NOV-20','DD-MON-RR'));
Insert into GINASIO.LINHASFATURA (LINHA_FATURA,ID_ARTIGO,QUANTIDADE,VALOR,DATA) values (43,5,1,0,to_date('21-APR-20','DD-MON-RR'));
Insert into GINASIO.LINHASFATURA (LINHA_FATURA,ID_ARTIGO,QUANTIDADE,VALOR,DATA) values (44,5,1,0,to_date('31-MAR-21','DD-MON-RR'));
Insert into GINASIO.LINHASFATURA (LINHA_FATURA,ID_ARTIGO,QUANTIDADE,VALOR,DATA) values (45,5,1,0,to_date('04-OCT-20','DD-MON-RR'));
Insert into GINASIO.LINHASFATURA (LINHA_FATURA,ID_ARTIGO,QUANTIDADE,VALOR,DATA) values (46,2,1,0,to_date('17-NOV-20','DD-MON-RR'));
Insert into GINASIO.LINHASFATURA (LINHA_FATURA,ID_ARTIGO,QUANTIDADE,VALOR,DATA) values (48,5,1,0,to_date('20-JAN-20','DD-MON-RR'));
Insert into GINASIO.LINHASFATURA (LINHA_FATURA,ID_ARTIGO,QUANTIDADE,VALOR,DATA) values (49,3,0,0,to_date('20-FEB-21','DD-MON-RR'));
Insert into GINASIO.LINHASFATURA (LINHA_FATURA,ID_ARTIGO,QUANTIDADE,VALOR,DATA) values (50,3,0,0,to_date('29-SEP-20','DD-MON-RR'));
Insert into GINASIO.LINHASFATURA (LINHA_FATURA,ID_ARTIGO,QUANTIDADE,VALOR,DATA) values (51,1,1,0,to_date('17-OCT-20','DD-MON-RR'));
Insert into GINASIO.LINHASFATURA (LINHA_FATURA,ID_ARTIGO,QUANTIDADE,VALOR,DATA) values (52,4,1,0,to_date('19-JUL-20','DD-MON-RR'));
Insert into GINASIO.LINHASFATURA (LINHA_FATURA,ID_ARTIGO,QUANTIDADE,VALOR,DATA) values (53,5,1,0,to_date('14-MAY-21','DD-MON-RR'));
Insert into GINASIO.LINHASFATURA (LINHA_FATURA,ID_ARTIGO,QUANTIDADE,VALOR,DATA) values (54,5,1,0,to_date('19-MAR-20','DD-MON-RR'));
Insert into GINASIO.LINHASFATURA (LINHA_FATURA,ID_ARTIGO,QUANTIDADE,VALOR,DATA) values (55,4,1,0,to_date('25-APR-21','DD-MON-RR'));
Insert into GINASIO.LINHASFATURA (LINHA_FATURA,ID_ARTIGO,QUANTIDADE,VALOR,DATA) values (56,3,0,0,to_date('17-SEP-20','DD-MON-RR'));
Insert into GINASIO.LINHASFATURA (LINHA_FATURA,ID_ARTIGO,QUANTIDADE,VALOR,DATA) values (57,4,1,0,to_date('13-AUG-20','DD-MON-RR'));
Insert into GINASIO.LINHASFATURA (LINHA_FATURA,ID_ARTIGO,QUANTIDADE,VALOR,DATA) values (58,1,0,0,to_date('21-JUN-21','DD-MON-RR'));
Insert into GINASIO.LINHASFATURA (LINHA_FATURA,ID_ARTIGO,QUANTIDADE,VALOR,DATA) values (59,3,0,0,to_date('10-JUN-20','DD-MON-RR'));
Insert into GINASIO.LINHASFATURA (LINHA_FATURA,ID_ARTIGO,QUANTIDADE,VALOR,DATA) values (60,4,1,0,to_date('14-JUN-21','DD-MON-RR'));
Insert into GINASIO.LINHASFATURA (LINHA_FATURA,ID_ARTIGO,QUANTIDADE,VALOR,DATA) values (61,5,0,0,to_date('28-SEP-20','DD-MON-RR'));
Insert into GINASIO.LINHASFATURA (LINHA_FATURA,ID_ARTIGO,QUANTIDADE,VALOR,DATA) values (62,1,1,0,to_date('11-JUL-20','DD-MON-RR'));
Insert into GINASIO.LINHASFATURA (LINHA_FATURA,ID_ARTIGO,QUANTIDADE,VALOR,DATA) values (63,4,1,0,to_date('29-MAR-21','DD-MON-RR'));
Insert into GINASIO.LINHASFATURA (LINHA_FATURA,ID_ARTIGO,QUANTIDADE,VALOR,DATA) values (64,4,1,0,to_date('24-AUG-20','DD-MON-RR'));
Insert into GINASIO.LINHASFATURA (LINHA_FATURA,ID_ARTIGO,QUANTIDADE,VALOR,DATA) values (65,4,0,0,to_date('13-JAN-20','DD-MON-RR'));
Insert into GINASIO.LINHASFATURA (LINHA_FATURA,ID_ARTIGO,QUANTIDADE,VALOR,DATA) values (66,5,0,0,to_date('19-OCT-20','DD-MON-RR'));
Insert into GINASIO.LINHASFATURA (LINHA_FATURA,ID_ARTIGO,QUANTIDADE,VALOR,DATA) values (67,1,1,0,to_date('03-DEC-20','DD-MON-RR'));
Insert into GINASIO.LINHASFATURA (LINHA_FATURA,ID_ARTIGO,QUANTIDADE,VALOR,DATA) values (68,2,1,0,to_date('29-DEC-20','DD-MON-RR'));
Insert into GINASIO.LINHASFATURA (LINHA_FATURA,ID_ARTIGO,QUANTIDADE,VALOR,DATA) values (69,2,0,0,to_date('06-OCT-20','DD-MON-RR'));
Insert into GINASIO.LINHASFATURA (LINHA_FATURA,ID_ARTIGO,QUANTIDADE,VALOR,DATA) values (70,3,1,0,to_date('28-JUL-20','DD-MON-RR'));
Insert into GINASIO.LINHASFATURA (LINHA_FATURA,ID_ARTIGO,QUANTIDADE,VALOR,DATA) values (71,3,0,0,to_date('07-MAY-21','DD-MON-RR'));
Insert into GINASIO.LINHASFATURA (LINHA_FATURA,ID_ARTIGO,QUANTIDADE,VALOR,DATA) values (72,2,1,0,to_date('30-JUL-20','DD-MON-RR'));
Insert into GINASIO.LINHASFATURA (LINHA_FATURA,ID_ARTIGO,QUANTIDADE,VALOR,DATA) values (74,3,1,0,to_date('09-MAY-20','DD-MON-RR'));
Insert into GINASIO.LINHASFATURA (LINHA_FATURA,ID_ARTIGO,QUANTIDADE,VALOR,DATA) values (75,2,1,0,to_date('05-OCT-20','DD-MON-RR'));
Insert into GINASIO.LINHASFATURA (LINHA_FATURA,ID_ARTIGO,QUANTIDADE,VALOR,DATA) values (76,3,0,0,to_date('30-DEC-20','DD-MON-RR'));
Insert into GINASIO.LINHASFATURA (LINHA_FATURA,ID_ARTIGO,QUANTIDADE,VALOR,DATA) values (77,5,1,0,to_date('11-NOV-20','DD-MON-RR'));
Insert into GINASIO.LINHASFATURA (LINHA_FATURA,ID_ARTIGO,QUANTIDADE,VALOR,DATA) values (79,4,1,0,to_date('21-JUN-21','DD-MON-RR'));
Insert into GINASIO.LINHASFATURA (LINHA_FATURA,ID_ARTIGO,QUANTIDADE,VALOR,DATA) values (80,4,0,0,to_date('24-SEP-20','DD-MON-RR'));
Insert into GINASIO.LINHASFATURA (LINHA_FATURA,ID_ARTIGO,QUANTIDADE,VALOR,DATA) values (81,4,0,0,to_date('23-APR-21','DD-MON-RR'));
Insert into GINASIO.LINHASFATURA (LINHA_FATURA,ID_ARTIGO,QUANTIDADE,VALOR,DATA) values (82,4,1,0,to_date('10-AUG-20','DD-MON-RR'));
Insert into GINASIO.LINHASFATURA (LINHA_FATURA,ID_ARTIGO,QUANTIDADE,VALOR,DATA) values (83,3,1,0,to_date('02-DEC-20','DD-MON-RR'));
Insert into GINASIO.LINHASFATURA (LINHA_FATURA,ID_ARTIGO,QUANTIDADE,VALOR,DATA) values (85,2,0,0,to_date('24-JUN-21','DD-MON-RR'));
Insert into GINASIO.LINHASFATURA (LINHA_FATURA,ID_ARTIGO,QUANTIDADE,VALOR,DATA) values (86,4,1,0,to_date('03-DEC-20','DD-MON-RR'));
Insert into GINASIO.LINHASFATURA (LINHA_FATURA,ID_ARTIGO,QUANTIDADE,VALOR,DATA) values (87,1,1,0,to_date('26-SEP-20','DD-MON-RR'));
Insert into GINASIO.LINHASFATURA (LINHA_FATURA,ID_ARTIGO,QUANTIDADE,VALOR,DATA) values (89,4,0,0,to_date('02-JAN-21','DD-MON-RR'));
Insert into GINASIO.LINHASFATURA (LINHA_FATURA,ID_ARTIGO,QUANTIDADE,VALOR,DATA) values (90,4,0,0,to_date('13-FEB-21','DD-MON-RR'));
Insert into GINASIO.LINHASFATURA (LINHA_FATURA,ID_ARTIGO,QUANTIDADE,VALOR,DATA) values (91,3,0,0,to_date('19-JUN-20','DD-MON-RR'));
Insert into GINASIO.LINHASFATURA (LINHA_FATURA,ID_ARTIGO,QUANTIDADE,VALOR,DATA) values (92,5,1,0,to_date('25-NOV-20','DD-MON-RR'));
Insert into GINASIO.LINHASFATURA (LINHA_FATURA,ID_ARTIGO,QUANTIDADE,VALOR,DATA) values (93,5,1,0,to_date('11-MAY-21','DD-MON-RR'));
Insert into GINASIO.LINHASFATURA (LINHA_FATURA,ID_ARTIGO,QUANTIDADE,VALOR,DATA) values (95,5,1,0,to_date('03-FEB-20','DD-MON-RR'));
Insert into GINASIO.LINHASFATURA (LINHA_FATURA,ID_ARTIGO,QUANTIDADE,VALOR,DATA) values (96,5,0,0,to_date('23-NOV-20','DD-MON-RR'));
Insert into GINASIO.LINHASFATURA (LINHA_FATURA,ID_ARTIGO,QUANTIDADE,VALOR,DATA) values (97,3,0,0,to_date('28-JAN-20','DD-MON-RR'));
Insert into GINASIO.LINHASFATURA (LINHA_FATURA,ID_ARTIGO,QUANTIDADE,VALOR,DATA) values (98,3,1,0,to_date('28-JUN-21','DD-MON-RR'));
Insert into GINASIO.LINHASFATURA (LINHA_FATURA,ID_ARTIGO,QUANTIDADE,VALOR,DATA) values (100,3,1,0,to_date('10-JUN-21','DD-MON-RR'));
Insert into GINASIO.LINHASFATURA (LINHA_FATURA,ID_ARTIGO,QUANTIDADE,VALOR,DATA) values (101,1,0,0,to_date('17-AUG-20','DD-MON-RR'));
Insert into GINASIO.LINHASFATURA (LINHA_FATURA,ID_ARTIGO,QUANTIDADE,VALOR,DATA) values (102,3,0,0,to_date('18-FEB-21','DD-MON-RR'));
Insert into GINASIO.LINHASFATURA (LINHA_FATURA,ID_ARTIGO,QUANTIDADE,VALOR,DATA) values (103,5,1,0,to_date('18-OCT-20','DD-MON-RR'));
Insert into GINASIO.LINHASFATURA (LINHA_FATURA,ID_ARTIGO,QUANTIDADE,VALOR,DATA) values (104,4,1,0,to_date('11-DEC-20','DD-MON-RR'));
Insert into GINASIO.LINHASFATURA (LINHA_FATURA,ID_ARTIGO,QUANTIDADE,VALOR,DATA) values (105,2,0,0,to_date('18-APR-21','DD-MON-RR'));
Insert into GINASIO.LINHASFATURA (LINHA_FATURA,ID_ARTIGO,QUANTIDADE,VALOR,DATA) values (106,3,1,0,to_date('01-MAY-21','DD-MON-RR'));
Insert into GINASIO.LINHASFATURA (LINHA_FATURA,ID_ARTIGO,QUANTIDADE,VALOR,DATA) values (107,4,1,0,to_date('23-MAR-20','DD-MON-RR'));
Insert into GINASIO.LINHASFATURA (LINHA_FATURA,ID_ARTIGO,QUANTIDADE,VALOR,DATA) values (108,2,0,0,to_date('02-DEC-20','DD-MON-RR'));
Insert into GINASIO.LINHASFATURA (LINHA_FATURA,ID_ARTIGO,QUANTIDADE,VALOR,DATA) values (109,5,1,0,to_date('21-JUN-20','DD-MON-RR'));
Insert into GINASIO.LINHASFATURA (LINHA_FATURA,ID_ARTIGO,QUANTIDADE,VALOR,DATA) values (110,2,1,0,to_date('08-APR-20','DD-MON-RR'));
Insert into GINASIO.LINHASFATURA (LINHA_FATURA,ID_ARTIGO,QUANTIDADE,VALOR,DATA) values (111,1,0,0,to_date('09-MAR-20','DD-MON-RR'));
Insert into GINASIO.LINHASFATURA (LINHA_FATURA,ID_ARTIGO,QUANTIDADE,VALOR,DATA) values (112,3,1,0,to_date('09-MAY-20','DD-MON-RR'));
Insert into GINASIO.LINHASFATURA (LINHA_FATURA,ID_ARTIGO,QUANTIDADE,VALOR,DATA) values (113,4,1,0,to_date('01-AUG-20','DD-MON-RR'));
Insert into GINASIO.LINHASFATURA (LINHA_FATURA,ID_ARTIGO,QUANTIDADE,VALOR,DATA) values (114,4,1,0,to_date('24-NOV-20','DD-MON-RR'));
Insert into GINASIO.LINHASFATURA (LINHA_FATURA,ID_ARTIGO,QUANTIDADE,VALOR,DATA) values (115,4,0,0,to_date('17-FEB-20','DD-MON-RR'));
Insert into GINASIO.LINHASFATURA (LINHA_FATURA,ID_ARTIGO,QUANTIDADE,VALOR,DATA) values (116,2,1,0,to_date('20-JUN-21','DD-MON-RR'));
Insert into GINASIO.LINHASFATURA (LINHA_FATURA,ID_ARTIGO,QUANTIDADE,VALOR,DATA) values (117,3,0,0,to_date('30-OCT-20','DD-MON-RR'));
Insert into GINASIO.LINHASFATURA (LINHA_FATURA,ID_ARTIGO,QUANTIDADE,VALOR,DATA) values (118,4,0,0,to_date('21-NOV-20','DD-MON-RR'));
Insert into GINASIO.LINHASFATURA (LINHA_FATURA,ID_ARTIGO,QUANTIDADE,VALOR,DATA) values (119,5,0,0,to_date('23-MAR-20','DD-MON-RR'));
Insert into GINASIO.LINHASFATURA (LINHA_FATURA,ID_ARTIGO,QUANTIDADE,VALOR,DATA) values (121,1,1,0,to_date('09-JUN-20','DD-MON-RR'));
Insert into GINASIO.LINHASFATURA (LINHA_FATURA,ID_ARTIGO,QUANTIDADE,VALOR,DATA) values (122,5,1,0,to_date('17-FEB-21','DD-MON-RR'));
Insert into GINASIO.LINHASFATURA (LINHA_FATURA,ID_ARTIGO,QUANTIDADE,VALOR,DATA) values (123,2,1,0,to_date('26-MAY-20','DD-MON-RR'));
Insert into GINASIO.LINHASFATURA (LINHA_FATURA,ID_ARTIGO,QUANTIDADE,VALOR,DATA) values (124,4,0,0,to_date('03-DEC-20','DD-MON-RR'));
Insert into GINASIO.LINHASFATURA (LINHA_FATURA,ID_ARTIGO,QUANTIDADE,VALOR,DATA) values (126,3,1,0,to_date('14-OCT-20','DD-MON-RR'));
Insert into GINASIO.LINHASFATURA (LINHA_FATURA,ID_ARTIGO,QUANTIDADE,VALOR,DATA) values (127,2,0,0,to_date('24-JAN-20','DD-MON-RR'));
Insert into GINASIO.LINHASFATURA (LINHA_FATURA,ID_ARTIGO,QUANTIDADE,VALOR,DATA) values (128,1,1,0,to_date('05-JUN-20','DD-MON-RR'));
Insert into GINASIO.LINHASFATURA (LINHA_FATURA,ID_ARTIGO,QUANTIDADE,VALOR,DATA) values (129,2,0,0,to_date('29-FEB-20','DD-MON-RR'));
Insert into GINASIO.LINHASFATURA (LINHA_FATURA,ID_ARTIGO,QUANTIDADE,VALOR,DATA) values (130,1,1,0,to_date('16-FEB-20','DD-MON-RR'));
Insert into GINASIO.LINHASFATURA (LINHA_FATURA,ID_ARTIGO,QUANTIDADE,VALOR,DATA) values (131,2,0,0,to_date('16-JUN-20','DD-MON-RR'));
Insert into GINASIO.LINHASFATURA (LINHA_FATURA,ID_ARTIGO,QUANTIDADE,VALOR,DATA) values (132,2,0,0,to_date('26-AUG-20','DD-MON-RR'));
Insert into GINASIO.LINHASFATURA (LINHA_FATURA,ID_ARTIGO,QUANTIDADE,VALOR,DATA) values (133,3,0,0,to_date('30-MAR-21','DD-MON-RR'));
Insert into GINASIO.LINHASFATURA (LINHA_FATURA,ID_ARTIGO,QUANTIDADE,VALOR,DATA) values (134,5,1,0,to_date('25-JUN-21','DD-MON-RR'));
Insert into GINASIO.LINHASFATURA (LINHA_FATURA,ID_ARTIGO,QUANTIDADE,VALOR,DATA) values (136,1,1,0,to_date('06-MAY-20','DD-MON-RR'));
Insert into GINASIO.LINHASFATURA (LINHA_FATURA,ID_ARTIGO,QUANTIDADE,VALOR,DATA) values (137,4,0,0,to_date('26-FEB-21','DD-MON-RR'));
Insert into GINASIO.LINHASFATURA (LINHA_FATURA,ID_ARTIGO,QUANTIDADE,VALOR,DATA) values (138,5,0,0,to_date('10-APR-20','DD-MON-RR'));
Insert into GINASIO.LINHASFATURA (LINHA_FATURA,ID_ARTIGO,QUANTIDADE,VALOR,DATA) values (139,2,1,0,to_date('03-JUN-21','DD-MON-RR'));
Insert into GINASIO.LINHASFATURA (LINHA_FATURA,ID_ARTIGO,QUANTIDADE,VALOR,DATA) values (140,2,1,0,to_date('30-NOV-20','DD-MON-RR'));
Insert into GINASIO.LINHASFATURA (LINHA_FATURA,ID_ARTIGO,QUANTIDADE,VALOR,DATA) values (142,4,1,0,to_date('06-MAR-20','DD-MON-RR'));
Insert into GINASIO.LINHASFATURA (LINHA_FATURA,ID_ARTIGO,QUANTIDADE,VALOR,DATA) values (143,2,0,0,to_date('07-FEB-20','DD-MON-RR'));
Insert into GINASIO.LINHASFATURA (LINHA_FATURA,ID_ARTIGO,QUANTIDADE,VALOR,DATA) values (144,2,1,0,to_date('01-MAY-20','DD-MON-RR'));
Insert into GINASIO.LINHASFATURA (LINHA_FATURA,ID_ARTIGO,QUANTIDADE,VALOR,DATA) values (145,5,0,0,to_date('12-FEB-20','DD-MON-RR'));
Insert into GINASIO.LINHASFATURA (LINHA_FATURA,ID_ARTIGO,QUANTIDADE,VALOR,DATA) values (146,1,1,0,to_date('19-JAN-20','DD-MON-RR'));
Insert into GINASIO.LINHASFATURA (LINHA_FATURA,ID_ARTIGO,QUANTIDADE,VALOR,DATA) values (147,1,0,0,to_date('26-SEP-20','DD-MON-RR'));
Insert into GINASIO.LINHASFATURA (LINHA_FATURA,ID_ARTIGO,QUANTIDADE,VALOR,DATA) values (148,4,0,0,to_date('27-FEB-21','DD-MON-RR'));
Insert into GINASIO.LINHASFATURA (LINHA_FATURA,ID_ARTIGO,QUANTIDADE,VALOR,DATA) values (149,3,0,0,to_date('06-DEC-20','DD-MON-RR'));
Insert into GINASIO.LINHASFATURA (LINHA_FATURA,ID_ARTIGO,QUANTIDADE,VALOR,DATA) values (151,4,0,0,to_date('19-DEC-20','DD-MON-RR'));
Insert into GINASIO.LINHASFATURA (LINHA_FATURA,ID_ARTIGO,QUANTIDADE,VALOR,DATA) values (152,2,0,0,to_date('04-NOV-20','DD-MON-RR'));
Insert into GINASIO.LINHASFATURA (LINHA_FATURA,ID_ARTIGO,QUANTIDADE,VALOR,DATA) values (153,1,0,0,to_date('14-MAY-20','DD-MON-RR'));
Insert into GINASIO.LINHASFATURA (LINHA_FATURA,ID_ARTIGO,QUANTIDADE,VALOR,DATA) values (154,1,0,0,to_date('31-MAY-20','DD-MON-RR'));
Insert into GINASIO.LINHASFATURA (LINHA_FATURA,ID_ARTIGO,QUANTIDADE,VALOR,DATA) values (155,4,0,0,to_date('26-MAY-20','DD-MON-RR'));
Insert into GINASIO.LINHASFATURA (LINHA_FATURA,ID_ARTIGO,QUANTIDADE,VALOR,DATA) values (156,3,1,0,to_date('12-DEC-20','DD-MON-RR'));
Insert into GINASIO.LINHASFATURA (LINHA_FATURA,ID_ARTIGO,QUANTIDADE,VALOR,DATA) values (157,3,0,0,to_date('15-JUL-20','DD-MON-RR'));
Insert into GINASIO.LINHASFATURA (LINHA_FATURA,ID_ARTIGO,QUANTIDADE,VALOR,DATA) values (158,5,0,0,to_date('17-JUL-20','DD-MON-RR'));
Insert into GINASIO.LINHASFATURA (LINHA_FATURA,ID_ARTIGO,QUANTIDADE,VALOR,DATA) values (159,2,0,0,to_date('07-JAN-20','DD-MON-RR'));
Insert into GINASIO.LINHASFATURA (LINHA_FATURA,ID_ARTIGO,QUANTIDADE,VALOR,DATA) values (160,1,0,0,to_date('12-OCT-20','DD-MON-RR'));
Insert into GINASIO.LINHASFATURA (LINHA_FATURA,ID_ARTIGO,QUANTIDADE,VALOR,DATA) values (161,1,0,0,to_date('24-JAN-20','DD-MON-RR'));
Insert into GINASIO.LINHASFATURA (LINHA_FATURA,ID_ARTIGO,QUANTIDADE,VALOR,DATA) values (162,5,1,0,to_date('09-JAN-20','DD-MON-RR'));
Insert into GINASIO.LINHASFATURA (LINHA_FATURA,ID_ARTIGO,QUANTIDADE,VALOR,DATA) values (163,1,1,0,to_date('06-JUL-20','DD-MON-RR'));
Insert into GINASIO.LINHASFATURA (LINHA_FATURA,ID_ARTIGO,QUANTIDADE,VALOR,DATA) values (164,1,1,0,to_date('12-MAR-20','DD-MON-RR'));
Insert into GINASIO.LINHASFATURA (LINHA_FATURA,ID_ARTIGO,QUANTIDADE,VALOR,DATA) values (165,5,0,0,to_date('29-MAY-21','DD-MON-RR'));
Insert into GINASIO.LINHASFATURA (LINHA_FATURA,ID_ARTIGO,QUANTIDADE,VALOR,DATA) values (166,5,0,0,to_date('07-OCT-20','DD-MON-RR'));
Insert into GINASIO.LINHASFATURA (LINHA_FATURA,ID_ARTIGO,QUANTIDADE,VALOR,DATA) values (167,2,0,0,to_date('17-OCT-20','DD-MON-RR'));
Insert into GINASIO.LINHASFATURA (LINHA_FATURA,ID_ARTIGO,QUANTIDADE,VALOR,DATA) values (169,1,1,0,to_date('02-FEB-20','DD-MON-RR'));
Insert into GINASIO.LINHASFATURA (LINHA_FATURA,ID_ARTIGO,QUANTIDADE,VALOR,DATA) values (171,4,0,0,to_date('04-MAR-20','DD-MON-RR'));
Insert into GINASIO.LINHASFATURA (LINHA_FATURA,ID_ARTIGO,QUANTIDADE,VALOR,DATA) values (172,3,0,0,to_date('27-SEP-20','DD-MON-RR'));
Insert into GINASIO.LINHASFATURA (LINHA_FATURA,ID_ARTIGO,QUANTIDADE,VALOR,DATA) values (173,3,1,0,to_date('18-APR-21','DD-MON-RR'));
Insert into GINASIO.LINHASFATURA (LINHA_FATURA,ID_ARTIGO,QUANTIDADE,VALOR,DATA) values (174,3,1,0,to_date('15-OCT-20','DD-MON-RR'));
Insert into GINASIO.LINHASFATURA (LINHA_FATURA,ID_ARTIGO,QUANTIDADE,VALOR,DATA) values (175,1,0,0,to_date('12-APR-20','DD-MON-RR'));
Insert into GINASIO.LINHASFATURA (LINHA_FATURA,ID_ARTIGO,QUANTIDADE,VALOR,DATA) values (176,4,1,0,to_date('19-DEC-20','DD-MON-RR'));
Insert into GINASIO.LINHASFATURA (LINHA_FATURA,ID_ARTIGO,QUANTIDADE,VALOR,DATA) values (177,5,1,0,to_date('03-MAY-20','DD-MON-RR'));
Insert into GINASIO.LINHASFATURA (LINHA_FATURA,ID_ARTIGO,QUANTIDADE,VALOR,DATA) values (178,1,1,0,to_date('20-JUL-20','DD-MON-RR'));
Insert into GINASIO.LINHASFATURA (LINHA_FATURA,ID_ARTIGO,QUANTIDADE,VALOR,DATA) values (179,4,0,0,to_date('12-JUL-20','DD-MON-RR'));
Insert into GINASIO.LINHASFATURA (LINHA_FATURA,ID_ARTIGO,QUANTIDADE,VALOR,DATA) values (180,2,1,0,to_date('06-SEP-20','DD-MON-RR'));
Insert into GINASIO.LINHASFATURA (LINHA_FATURA,ID_ARTIGO,QUANTIDADE,VALOR,DATA) values (181,2,1,0,to_date('07-FEB-20','DD-MON-RR'));
Insert into GINASIO.LINHASFATURA (LINHA_FATURA,ID_ARTIGO,QUANTIDADE,VALOR,DATA) values (182,5,0,0,to_date('22-AUG-20','DD-MON-RR'));
Insert into GINASIO.LINHASFATURA (LINHA_FATURA,ID_ARTIGO,QUANTIDADE,VALOR,DATA) values (183,3,0,0,to_date('28-OCT-20','DD-MON-RR'));
Insert into GINASIO.LINHASFATURA (LINHA_FATURA,ID_ARTIGO,QUANTIDADE,VALOR,DATA) values (184,1,0,0,to_date('17-JUN-20','DD-MON-RR'));
Insert into GINASIO.LINHASFATURA (LINHA_FATURA,ID_ARTIGO,QUANTIDADE,VALOR,DATA) values (187,4,0,0,to_date('25-APR-20','DD-MON-RR'));
Insert into GINASIO.LINHASFATURA (LINHA_FATURA,ID_ARTIGO,QUANTIDADE,VALOR,DATA) values (188,2,1,0,to_date('11-MAY-20','DD-MON-RR'));
Insert into GINASIO.LINHASFATURA (LINHA_FATURA,ID_ARTIGO,QUANTIDADE,VALOR,DATA) values (189,4,0,0,to_date('09-JUL-20','DD-MON-RR'));
Insert into GINASIO.LINHASFATURA (LINHA_FATURA,ID_ARTIGO,QUANTIDADE,VALOR,DATA) values (190,5,0,0,to_date('20-JUL-20','DD-MON-RR'));
Insert into GINASIO.LINHASFATURA (LINHA_FATURA,ID_ARTIGO,QUANTIDADE,VALOR,DATA) values (191,5,0,0,to_date('11-JUL-20','DD-MON-RR'));
Insert into GINASIO.LINHASFATURA (LINHA_FATURA,ID_ARTIGO,QUANTIDADE,VALOR,DATA) values (192,2,1,0,to_date('17-MAR-20','DD-MON-RR'));
Insert into GINASIO.LINHASFATURA (LINHA_FATURA,ID_ARTIGO,QUANTIDADE,VALOR,DATA) values (193,5,0,0,to_date('08-APR-20','DD-MON-RR'));
Insert into GINASIO.LINHASFATURA (LINHA_FATURA,ID_ARTIGO,QUANTIDADE,VALOR,DATA) values (194,4,0,0,to_date('18-AUG-20','DD-MON-RR'));
Insert into GINASIO.LINHASFATURA (LINHA_FATURA,ID_ARTIGO,QUANTIDADE,VALOR,DATA) values (196,5,1,0,to_date('04-JUN-20','DD-MON-RR'));
Insert into GINASIO.LINHASFATURA (LINHA_FATURA,ID_ARTIGO,QUANTIDADE,VALOR,DATA) values (197,1,0,0,to_date('06-FEB-20','DD-MON-RR'));
Insert into GINASIO.LINHASFATURA (LINHA_FATURA,ID_ARTIGO,QUANTIDADE,VALOR,DATA) values (198,5,0,0,to_date('10-JUN-21','DD-MON-RR'));
Insert into GINASIO.LINHASFATURA (LINHA_FATURA,ID_ARTIGO,QUANTIDADE,VALOR,DATA) values (199,2,0,0,to_date('03-FEB-21','DD-MON-RR'));
Insert into GINASIO.LINHASFATURA (LINHA_FATURA,ID_ARTIGO,QUANTIDADE,VALOR,DATA) values (200,1,1,0,to_date('25-JUN-21','DD-MON-RR'));
Insert into GINASIO.LINHASFATURA (LINHA_FATURA,ID_ARTIGO,QUANTIDADE,VALOR,DATA) values (3,4,0,null,to_date('12-APR-21','DD-MON-RR'));
Insert into GINASIO.LINHASFATURA (LINHA_FATURA,ID_ARTIGO,QUANTIDADE,VALOR,DATA) values (16,1,1,null,to_date('13-APR-20','DD-MON-RR'));
Insert into GINASIO.LINHASFATURA (LINHA_FATURA,ID_ARTIGO,QUANTIDADE,VALOR,DATA) values (30,3,1,null,to_date('30-APR-20','DD-MON-RR'));
Insert into GINASIO.LINHASFATURA (LINHA_FATURA,ID_ARTIGO,QUANTIDADE,VALOR,DATA) values (40,5,1,null,to_date('22-JAN-20','DD-MON-RR'));
Insert into GINASIO.LINHASFATURA (LINHA_FATURA,ID_ARTIGO,QUANTIDADE,VALOR,DATA) values (41,3,1,null,to_date('17-JAN-20','DD-MON-RR'));
Insert into GINASIO.LINHASFATURA (LINHA_FATURA,ID_ARTIGO,QUANTIDADE,VALOR,DATA) values (47,4,1,null,to_date('05-MAR-20','DD-MON-RR'));
Insert into GINASIO.LINHASFATURA (LINHA_FATURA,ID_ARTIGO,QUANTIDADE,VALOR,DATA) values (73,5,0,null,to_date('25-FEB-20','DD-MON-RR'));
Insert into GINASIO.LINHASFATURA (LINHA_FATURA,ID_ARTIGO,QUANTIDADE,VALOR,DATA) values (78,3,0,null,to_date('28-NOV-20','DD-MON-RR'));
Insert into GINASIO.LINHASFATURA (LINHA_FATURA,ID_ARTIGO,QUANTIDADE,VALOR,DATA) values (84,5,0,null,to_date('20-AUG-20','DD-MON-RR'));
Insert into GINASIO.LINHASFATURA (LINHA_FATURA,ID_ARTIGO,QUANTIDADE,VALOR,DATA) values (88,3,1,null,to_date('05-AUG-20','DD-MON-RR'));
Insert into GINASIO.LINHASFATURA (LINHA_FATURA,ID_ARTIGO,QUANTIDADE,VALOR,DATA) values (94,5,1,null,to_date('30-AUG-20','DD-MON-RR'));
Insert into GINASIO.LINHASFATURA (LINHA_FATURA,ID_ARTIGO,QUANTIDADE,VALOR,DATA) values (99,3,1,null,to_date('25-JUL-20','DD-MON-RR'));
Insert into GINASIO.LINHASFATURA (LINHA_FATURA,ID_ARTIGO,QUANTIDADE,VALOR,DATA) values (120,3,1,null,to_date('28-JAN-20','DD-MON-RR'));
Insert into GINASIO.LINHASFATURA (LINHA_FATURA,ID_ARTIGO,QUANTIDADE,VALOR,DATA) values (125,2,1,null,to_date('21-AUG-20','DD-MON-RR'));
Insert into GINASIO.LINHASFATURA (LINHA_FATURA,ID_ARTIGO,QUANTIDADE,VALOR,DATA) values (135,4,0,null,to_date('30-JAN-20','DD-MON-RR'));
Insert into GINASIO.LINHASFATURA (LINHA_FATURA,ID_ARTIGO,QUANTIDADE,VALOR,DATA) values (141,5,1,null,to_date('08-FEB-21','DD-MON-RR'));
Insert into GINASIO.LINHASFATURA (LINHA_FATURA,ID_ARTIGO,QUANTIDADE,VALOR,DATA) values (150,3,0,null,to_date('15-MAR-21','DD-MON-RR'));
Insert into GINASIO.LINHASFATURA (LINHA_FATURA,ID_ARTIGO,QUANTIDADE,VALOR,DATA) values (168,1,0,null,to_date('28-AUG-20','DD-MON-RR'));
Insert into GINASIO.LINHASFATURA (LINHA_FATURA,ID_ARTIGO,QUANTIDADE,VALOR,DATA) values (170,5,1,null,to_date('16-DEC-20','DD-MON-RR'));
Insert into GINASIO.LINHASFATURA (LINHA_FATURA,ID_ARTIGO,QUANTIDADE,VALOR,DATA) values (185,5,0,null,to_date('10-JUL-20','DD-MON-RR'));
Insert into GINASIO.LINHASFATURA (LINHA_FATURA,ID_ARTIGO,QUANTIDADE,VALOR,DATA) values (186,5,1,null,to_date('21-OCT-20','DD-MON-RR'));
Insert into GINASIO.LINHASFATURA (LINHA_FATURA,ID_ARTIGO,QUANTIDADE,VALOR,DATA) values (195,1,0,null,to_date('21-NOV-20','DD-MON-RR'));
REM INSERTING into GINASIO.NUTRICIONISTAS
SET DEFINE OFF;
Insert into GINASIO.NUTRICIONISTAS (ID_NUTRICIONISTA,NOME,EMAIL,PASSWORD,DATANASCIMENTO,HORAENTRADA,HORASAIDA,DIASEMANA,DATACRIACAO,DATAATUALIZACAO) values (3,'Hesther Stallan','hstallan2@ovh.net','a0ze4uq43',to_date('02-JAN-01','DD-MON-RR'),'10:00','18:00','def',to_date('11-FEB-20','DD-MON-RR'),to_date('11-FEB-20','DD-MON-RR'));
Insert into GINASIO.NUTRICIONISTAS (ID_NUTRICIONISTA,NOME,EMAIL,PASSWORD,DATANASCIMENTO,HORAENTRADA,HORASAIDA,DIASEMANA,DATACRIACAO,DATAATUALIZACAO) values (4,'Trevor Gostyke','tgostyke3@naver.com','1Fghp1dki',to_date('13-OCT-65','DD-MON-RR'),'08:00','19:00','afg',to_date('05-JAN-20','DD-MON-RR'),to_date('07-SEP-20','DD-MON-RR'));
Insert into GINASIO.NUTRICIONISTAS (ID_NUTRICIONISTA,NOME,EMAIL,PASSWORD,DATANASCIMENTO,HORAENTRADA,HORASAIDA,DIASEMANA,DATACRIACAO,DATAATUALIZACAO) values (5,'Jeffrey Yarwood','jyarwood4@soup.io','sh1Wqy',to_date('11-SEP-87','DD-MON-RR'),'06:00','10:00','f',to_date('03-SEP-20','DD-MON-RR'),to_date('05-DEC-21','DD-MON-RR'));
Insert into GINASIO.NUTRICIONISTAS (ID_NUTRICIONISTA,NOME,EMAIL,PASSWORD,DATANASCIMENTO,HORAENTRADA,HORASAIDA,DIASEMANA,DATACRIACAO,DATAATUALIZACAO) values (1,'Arnaldo Shellsheere','ashellsheere0@edublogs.org','yBjRjFca58H5',to_date('27-NOV-73','DD-MON-RR'),'07:00','12:00','ac',to_date('01-JAN-21','DD-MON-RR'),to_date('04-OCT-21','DD-MON-RR'));
Insert into GINASIO.NUTRICIONISTAS (ID_NUTRICIONISTA,NOME,EMAIL,PASSWORD,DATANASCIMENTO,HORAENTRADA,HORASAIDA,DIASEMANA,DATACRIACAO,DATAATUALIZACAO) values (2,'Lazaro Moss','lmoss1@over-blog.com','AaJDQEdCv',to_date('29-APR-95','DD-MON-RR'),'17:00','23:59','bc',to_date('02-FEB-21','DD-MON-RR'),to_date('04-JUL-21','DD-MON-RR'));
REM INSERTING into GINASIO.RECECIONISTAS
SET DEFINE OFF;
Insert into GINASIO.RECECIONISTAS (ID_RECECIONISTA,NOME,EMAIL,PASSWORD,DATANASCIMENTO,HORAENTRADA,HORASAIDA,DIASEMANA,DATACRIACAO,DATAATUALIZACAO) values (5,'Bella Babcock','bbabcock4@cam.ac.uk','80NYmuJ2J',to_date('14-JUN-67','DD-MON-RR'),'6:04','3:03','g',to_date('12-JUL-20','DD-MON-RR'),to_date('01-MAR-22','DD-MON-RR'));
Insert into GINASIO.RECECIONISTAS (ID_RECECIONISTA,NOME,EMAIL,PASSWORD,DATANASCIMENTO,HORAENTRADA,HORASAIDA,DIASEMANA,DATACRIACAO,DATAATUALIZACAO) values (3,'Loy Lorens','llorens2@berkeley.edu','LDDXEf',to_date('10-APR-61','DD-MON-RR'),'4:32','1:26','u',to_date('08-JUL-20','DD-MON-RR'),to_date('02-JAN-21','DD-MON-RR'));
Insert into GINASIO.RECECIONISTAS (ID_RECECIONISTA,NOME,EMAIL,PASSWORD,DATANASCIMENTO,HORAENTRADA,HORASAIDA,DIASEMANA,DATACRIACAO,DATAATUALIZACAO) values (4,'Leesa Oneal','loneal3@admin.ch','diWw0eebhbLz',to_date('23-SEP-95','DD-MON-RR'),'15:14','19:09','a',to_date('09-AUG-20','DD-MON-RR'),to_date('04-FEB-21','DD-MON-RR'));
Insert into GINASIO.RECECIONISTAS (ID_RECECIONISTA,NOME,EMAIL,PASSWORD,DATANASCIMENTO,HORAENTRADA,HORASAIDA,DIASEMANA,DATACRIACAO,DATAATUALIZACAO) values (1,'Ari O''Corrane','aocorrane0@ca.gov','IOwurg',to_date('08-JUL-81','DD-MON-RR'),'16:39','18:29','g',to_date('12-FEB-20','DD-MON-RR'),to_date('08-FEB-21','DD-MON-RR'));
Insert into GINASIO.RECECIONISTAS (ID_RECECIONISTA,NOME,EMAIL,PASSWORD,DATANASCIMENTO,HORAENTRADA,HORASAIDA,DIASEMANA,DATACRIACAO,DATAATUALIZACAO) values (2,'Traver Doe','tdoe1@123-reg.co.uk','irYbaN7b',to_date('01-MAY-92','DD-MON-RR'),'11:55','16:23','r',to_date('08-MAR-20','DD-MON-RR'),to_date('05-MAR-21','DD-MON-RR'));
--------------------------------------------------------
--  DDL for Index RECECIONISTAS_PK
--------------------------------------------------------

  CREATE UNIQUE INDEX "GINASIO"."RECECIONISTAS_PK" ON "GINASIO"."RECECIONISTAS" ("ID_RECECIONISTA") 
  PCTFREE 10 INITRANS 2 MAXTRANS 255 COMPUTE STATISTICS 
  STORAGE(INITIAL 65536 NEXT 1048576 MINEXTENTS 1 MAXEXTENTS 2147483645
  PCTINCREASE 0 FREELISTS 1 FREELIST GROUPS 1
  BUFFER_POOL DEFAULT FLASH_CACHE DEFAULT CELL_FLASH_CACHE DEFAULT)
  TABLESPACE "USERS" ;
--------------------------------------------------------
--  Constraints for Table INSTRUTORES
--------------------------------------------------------

  ALTER TABLE "GINASIO"."INSTRUTORES" MODIFY ("ID_INSTRUTOR" NOT NULL ENABLE);
  ALTER TABLE "GINASIO"."INSTRUTORES" MODIFY ("NOME" NOT NULL ENABLE);
  ALTER TABLE "GINASIO"."INSTRUTORES" MODIFY ("EMAIL" NOT NULL ENABLE);
  ALTER TABLE "GINASIO"."INSTRUTORES" MODIFY ("PASSWORD" NOT NULL ENABLE);
  ALTER TABLE "GINASIO"."INSTRUTORES" MODIFY ("DATANASCIMENTO" NOT NULL ENABLE);
  ALTER TABLE "GINASIO"."INSTRUTORES" MODIFY ("HORAENTRADA" NOT NULL ENABLE);
  ALTER TABLE "GINASIO"."INSTRUTORES" MODIFY ("HORASAIDA" NOT NULL ENABLE);
  ALTER TABLE "GINASIO"."INSTRUTORES" MODIFY ("DIASEMANA" NOT NULL ENABLE);
  ALTER TABLE "GINASIO"."INSTRUTORES" MODIFY ("DATACRIACAO" NOT NULL ENABLE);
  ALTER TABLE "GINASIO"."INSTRUTORES" MODIFY ("DATAATUALIZACAO" NOT NULL ENABLE);
  ALTER TABLE "GINASIO"."INSTRUTORES" ADD PRIMARY KEY ("ID_INSTRUTOR")
  USING INDEX PCTFREE 10 INITRANS 2 MAXTRANS 255 
  STORAGE(INITIAL 65536 NEXT 1048576 MINEXTENTS 1 MAXEXTENTS 2147483645
  PCTINCREASE 0 FREELISTS 1 FREELIST GROUPS 1
  BUFFER_POOL DEFAULT FLASH_CACHE DEFAULT CELL_FLASH_CACHE DEFAULT)
  TABLESPACE "USERS"  ENABLE;
--------------------------------------------------------
--  Constraints for Table LINHASFATURA
--------------------------------------------------------

  ALTER TABLE "GINASIO"."LINHASFATURA" MODIFY ("LINHA_FATURA" NOT NULL ENABLE);
  ALTER TABLE "GINASIO"."LINHASFATURA" MODIFY ("ID_ARTIGO" NOT NULL ENABLE);
  ALTER TABLE "GINASIO"."LINHASFATURA" MODIFY ("QUANTIDADE" NOT NULL ENABLE);
  ALTER TABLE "GINASIO"."LINHASFATURA" ADD PRIMARY KEY ("LINHA_FATURA")
  USING INDEX PCTFREE 10 INITRANS 2 MAXTRANS 255 
  STORAGE(INITIAL 65536 NEXT 1048576 MINEXTENTS 1 MAXEXTENTS 2147483645
  PCTINCREASE 0 FREELISTS 1 FREELIST GROUPS 1
  BUFFER_POOL DEFAULT FLASH_CACHE DEFAULT CELL_FLASH_CACHE DEFAULT)
  TABLESPACE "USERS"  ENABLE;
  ALTER TABLE "GINASIO"."LINHASFATURA" MODIFY ("DATA" NOT NULL ENABLE);
--------------------------------------------------------
--  Constraints for Table RECECIONISTAS
--------------------------------------------------------

  ALTER TABLE "GINASIO"."RECECIONISTAS" MODIFY ("ID_RECECIONISTA" NOT NULL ENABLE);
  ALTER TABLE "GINASIO"."RECECIONISTAS" MODIFY ("NOME" NOT NULL ENABLE);
  ALTER TABLE "GINASIO"."RECECIONISTAS" MODIFY ("EMAIL" NOT NULL ENABLE);
  ALTER TABLE "GINASIO"."RECECIONISTAS" MODIFY ("PASSWORD" NOT NULL ENABLE);
  ALTER TABLE "GINASIO"."RECECIONISTAS" MODIFY ("DATANASCIMENTO" NOT NULL ENABLE);
  ALTER TABLE "GINASIO"."RECECIONISTAS" MODIFY ("HORAENTRADA" NOT NULL ENABLE);
  ALTER TABLE "GINASIO"."RECECIONISTAS" MODIFY ("HORASAIDA" NOT NULL ENABLE);
  ALTER TABLE "GINASIO"."RECECIONISTAS" MODIFY ("DIASEMANA" NOT NULL ENABLE);
  ALTER TABLE "GINASIO"."RECECIONISTAS" ADD CONSTRAINT "RECECIONISTAS_PK" PRIMARY KEY ("ID_RECECIONISTA")
  USING INDEX PCTFREE 10 INITRANS 2 MAXTRANS 255 COMPUTE STATISTICS 
  STORAGE(INITIAL 65536 NEXT 1048576 MINEXTENTS 1 MAXEXTENTS 2147483645
  PCTINCREASE 0 FREELISTS 1 FREELIST GROUPS 1
  BUFFER_POOL DEFAULT FLASH_CACHE DEFAULT CELL_FLASH_CACHE DEFAULT)
  TABLESPACE "USERS"  ENABLE;
  ALTER TABLE "GINASIO"."RECECIONISTAS" MODIFY ("DATACRIACAO" NOT NULL ENABLE);
  ALTER TABLE "GINASIO"."RECECIONISTAS" MODIFY ("DATAATUALIZACAO" NOT NULL ENABLE);
--------------------------------------------------------
--  Constraints for Table NUTRICIONISTAS
--------------------------------------------------------

  ALTER TABLE "GINASIO"."NUTRICIONISTAS" MODIFY ("ID_NUTRICIONISTA" NOT NULL ENABLE);
  ALTER TABLE "GINASIO"."NUTRICIONISTAS" MODIFY ("NOME" NOT NULL ENABLE);
  ALTER TABLE "GINASIO"."NUTRICIONISTAS" MODIFY ("EMAIL" NOT NULL ENABLE);
  ALTER TABLE "GINASIO"."NUTRICIONISTAS" MODIFY ("PASSWORD" NOT NULL ENABLE);
  ALTER TABLE "GINASIO"."NUTRICIONISTAS" MODIFY ("DATANASCIMENTO" NOT NULL ENABLE);
  ALTER TABLE "GINASIO"."NUTRICIONISTAS" MODIFY ("HORAENTRADA" NOT NULL ENABLE);
  ALTER TABLE "GINASIO"."NUTRICIONISTAS" MODIFY ("HORASAIDA" NOT NULL ENABLE);
  ALTER TABLE "GINASIO"."NUTRICIONISTAS" MODIFY ("DIASEMANA" NOT NULL ENABLE);
  ALTER TABLE "GINASIO"."NUTRICIONISTAS" MODIFY ("DATACRIACAO" NOT NULL ENABLE);
  ALTER TABLE "GINASIO"."NUTRICIONISTAS" MODIFY ("DATAATUALIZACAO" NOT NULL ENABLE);
  ALTER TABLE "GINASIO"."NUTRICIONISTAS" ADD PRIMARY KEY ("ID_NUTRICIONISTA")
  USING INDEX PCTFREE 10 INITRANS 2 MAXTRANS 255 
  STORAGE(INITIAL 65536 NEXT 1048576 MINEXTENTS 1 MAXEXTENTS 2147483645
  PCTINCREASE 0 FREELISTS 1 FREELIST GROUPS 1
  BUFFER_POOL DEFAULT FLASH_CACHE DEFAULT CELL_FLASH_CACHE DEFAULT)
  TABLESPACE "USERS"  ENABLE;
--------------------------------------------------------
--  Constraints for Table FICHAS_CLIENTE_NUTRICAO
--------------------------------------------------------

  ALTER TABLE "GINASIO"."FICHAS_CLIENTE_NUTRICAO" MODIFY ("ID_FICHAN" NOT NULL ENABLE);
  ALTER TABLE "GINASIO"."FICHAS_CLIENTE_NUTRICAO" MODIFY ("ID_CLIENTE" NOT NULL ENABLE);
  ALTER TABLE "GINASIO"."FICHAS_CLIENTE_NUTRICAO" MODIFY ("DATA" NOT NULL ENABLE);
  ALTER TABLE "GINASIO"."FICHAS_CLIENTE_NUTRICAO" MODIFY ("PESO" NOT NULL ENABLE);
  ALTER TABLE "GINASIO"."FICHAS_CLIENTE_NUTRICAO" MODIFY ("MASSAGORDA" NOT NULL ENABLE);
  ALTER TABLE "GINASIO"."FICHAS_CLIENTE_NUTRICAO" MODIFY ("MASSAMAGRA" NOT NULL ENABLE);
  ALTER TABLE "GINASIO"."FICHAS_CLIENTE_NUTRICAO" ADD PRIMARY KEY ("ID_FICHAN")
  USING INDEX PCTFREE 10 INITRANS 2 MAXTRANS 255 
  STORAGE(INITIAL 65536 NEXT 1048576 MINEXTENTS 1 MAXEXTENTS 2147483645
  PCTINCREASE 0 FREELISTS 1 FREELIST GROUPS 1
  BUFFER_POOL DEFAULT FLASH_CACHE DEFAULT CELL_FLASH_CACHE DEFAULT)
  TABLESPACE "USERS"  ENABLE;
--------------------------------------------------------
--  Constraints for Table FATURAS
--------------------------------------------------------

  ALTER TABLE "GINASIO"."FATURAS" MODIFY ("ID_PRODUTO" NOT NULL ENABLE);
  ALTER TABLE "GINASIO"."FATURAS" MODIFY ("ID_FATURA" NOT NULL ENABLE);
  ALTER TABLE "GINASIO"."FATURAS" MODIFY ("ID_CLIENTE" NOT NULL ENABLE);
  ALTER TABLE "GINASIO"."FATURAS" MODIFY ("ID_RECECIONISTA" NOT NULL ENABLE);
  ALTER TABLE "GINASIO"."FATURAS" MODIFY ("DATA" NOT NULL ENABLE);
  ALTER TABLE "GINASIO"."FATURAS" ADD PRIMARY KEY ("ID_FATURA")
  USING INDEX PCTFREE 10 INITRANS 2 MAXTRANS 255 
  STORAGE(INITIAL 65536 NEXT 1048576 MINEXTENTS 1 MAXEXTENTS 2147483645
  PCTINCREASE 0 FREELISTS 1 FREELIST GROUPS 1
  BUFFER_POOL DEFAULT FLASH_CACHE DEFAULT CELL_FLASH_CACHE DEFAULT)
  TABLESPACE "USERS"  ENABLE;
--------------------------------------------------------
--  Constraints for Table FICHAS_CLIENTE_AVALIACAO
--------------------------------------------------------

  ALTER TABLE "GINASIO"."FICHAS_CLIENTE_AVALIACAO" MODIFY ("ID_FICHAA" NOT NULL ENABLE);
  ALTER TABLE "GINASIO"."FICHAS_CLIENTE_AVALIACAO" MODIFY ("ID_CLIENTE" NOT NULL ENABLE);
  ALTER TABLE "GINASIO"."FICHAS_CLIENTE_AVALIACAO" MODIFY ("DATA" NOT NULL ENABLE);
  ALTER TABLE "GINASIO"."FICHAS_CLIENTE_AVALIACAO" MODIFY ("PESO" NOT NULL ENABLE);
  ALTER TABLE "GINASIO"."FICHAS_CLIENTE_AVALIACAO" MODIFY ("ALTURA" NOT NULL ENABLE);
  ALTER TABLE "GINASIO"."FICHAS_CLIENTE_AVALIACAO" MODIFY ("PRESSAOARTERIAL" NOT NULL ENABLE);
  ALTER TABLE "GINASIO"."FICHAS_CLIENTE_AVALIACAO" MODIFY ("CINTURA" NOT NULL ENABLE);
  ALTER TABLE "GINASIO"."FICHAS_CLIENTE_AVALIACAO" MODIFY ("ANCA" NOT NULL ENABLE);
  ALTER TABLE "GINASIO"."FICHAS_CLIENTE_AVALIACAO" MODIFY ("MASSAGORDA" NOT NULL ENABLE);
  ALTER TABLE "GINASIO"."FICHAS_CLIENTE_AVALIACAO" MODIFY ("MASSAMAGRA" NOT NULL ENABLE);
  ALTER TABLE "GINASIO"."FICHAS_CLIENTE_AVALIACAO" MODIFY ("OBJETIVO" NOT NULL ENABLE);
  ALTER TABLE "GINASIO"."FICHAS_CLIENTE_AVALIACAO" MODIFY ("ATIVIDADE_FISICA" NOT NULL ENABLE);
  ALTER TABLE "GINASIO"."FICHAS_CLIENTE_AVALIACAO" ADD PRIMARY KEY ("ID_FICHAA")
  USING INDEX PCTFREE 10 INITRANS 2 MAXTRANS 255 
  STORAGE(INITIAL 65536 NEXT 1048576 MINEXTENTS 1 MAXEXTENTS 2147483645
  PCTINCREASE 0 FREELISTS 1 FREELIST GROUPS 1
  BUFFER_POOL DEFAULT FLASH_CACHE DEFAULT CELL_FLASH_CACHE DEFAULT)
  TABLESPACE "USERS"  ENABLE;
--------------------------------------------------------
--  Constraints for Table ARTIGOS
--------------------------------------------------------

  ALTER TABLE "GINASIO"."ARTIGOS" MODIFY ("ID_ARTIGO" NOT NULL ENABLE);
  ALTER TABLE "GINASIO"."ARTIGOS" MODIFY ("NOME" NOT NULL ENABLE);
  ALTER TABLE "GINASIO"."ARTIGOS" MODIFY ("VALOR" NOT NULL ENABLE);
  ALTER TABLE "GINASIO"."ARTIGOS" ADD PRIMARY KEY ("ID_ARTIGO")
  USING INDEX PCTFREE 10 INITRANS 2 MAXTRANS 255 
  STORAGE(INITIAL 65536 NEXT 1048576 MINEXTENTS 1 MAXEXTENTS 2147483645
  PCTINCREASE 0 FREELISTS 1 FREELIST GROUPS 1
  BUFFER_POOL DEFAULT FLASH_CACHE DEFAULT CELL_FLASH_CACHE DEFAULT)
  TABLESPACE "USERS"  ENABLE;
--------------------------------------------------------
--  Constraints for Table CLIENTES
--------------------------------------------------------

  ALTER TABLE "GINASIO"."CLIENTES" MODIFY ("ID_CLIENTE" NOT NULL ENABLE);
  ALTER TABLE "GINASIO"."CLIENTES" MODIFY ("NOME" NOT NULL ENABLE);
  ALTER TABLE "GINASIO"."CLIENTES" MODIFY ("EMAIL" NOT NULL ENABLE);
  ALTER TABLE "GINASIO"."CLIENTES" MODIFY ("PASSWORD" NOT NULL ENABLE);
  ALTER TABLE "GINASIO"."CLIENTES" MODIFY ("DATANASCIMENTO" NOT NULL ENABLE);
  ALTER TABLE "GINASIO"."CLIENTES" MODIFY ("DATACRIACAO" NOT NULL ENABLE);
  ALTER TABLE "GINASIO"."CLIENTES" MODIFY ("DATAATUALIZACAO" NOT NULL ENABLE);
  ALTER TABLE "GINASIO"."CLIENTES" ADD PRIMARY KEY ("ID_CLIENTE")
  USING INDEX PCTFREE 10 INITRANS 2 MAXTRANS 255 
  STORAGE(INITIAL 65536 NEXT 1048576 MINEXTENTS 1 MAXEXTENTS 2147483645
  PCTINCREASE 0 FREELISTS 1 FREELIST GROUPS 1
  BUFFER_POOL DEFAULT FLASH_CACHE DEFAULT CELL_FLASH_CACHE DEFAULT)
  TABLESPACE "USERS"  ENABLE;
--------------------------------------------------------
--  Ref Constraints for Table CLIENTES
--------------------------------------------------------

  ALTER TABLE "GINASIO"."CLIENTES" ADD CONSTRAINT "FK_CLIENTES_NUTRICIONISTAS" FOREIGN KEY ("ID_NUTRICIONISTA")
	  REFERENCES "GINASIO"."NUTRICIONISTAS" ("ID_NUTRICIONISTA") ENABLE;
  ALTER TABLE "GINASIO"."CLIENTES" ADD CONSTRAINT "FK_CLIENTES_INSTRUTORES" FOREIGN KEY ("ID_INSTRUTOR")
	  REFERENCES "GINASIO"."INSTRUTORES" ("ID_INSTRUTOR") ENABLE;
--------------------------------------------------------
--  Ref Constraints for Table FATURAS
--------------------------------------------------------

  ALTER TABLE "GINASIO"."FATURAS" ADD CONSTRAINT "FK_FATURAS_CLIENTE" FOREIGN KEY ("ID_CLIENTE")
	  REFERENCES "GINASIO"."CLIENTES" ("ID_CLIENTE") ENABLE;
  ALTER TABLE "GINASIO"."FATURAS" ADD CONSTRAINT "FK_FATURAS_RECECIONISTA" FOREIGN KEY ("ID_RECECIONISTA")
	  REFERENCES "GINASIO"."RECECIONISTAS" ("ID_RECECIONISTA") ENABLE;
  ALTER TABLE "GINASIO"."FATURAS" ADD CONSTRAINT "FK_FATURAS_PRODUTOS" FOREIGN KEY ("ID_PRODUTO")
	  REFERENCES "GINASIO"."ARTIGOS" ("ID_ARTIGO") ENABLE;
--------------------------------------------------------
--  Ref Constraints for Table FICHAS_CLIENTE_AVALIACAO
--------------------------------------------------------

  ALTER TABLE "GINASIO"."FICHAS_CLIENTE_AVALIACAO" ADD CONSTRAINT "FK_FICHAA_CLIENTE" FOREIGN KEY ("ID_CLIENTE")
	  REFERENCES "GINASIO"."CLIENTES" ("ID_CLIENTE") ENABLE;
--------------------------------------------------------
--  Ref Constraints for Table FICHAS_CLIENTE_NUTRICAO
--------------------------------------------------------

  ALTER TABLE "GINASIO"."FICHAS_CLIENTE_NUTRICAO" ADD CONSTRAINT "FK_FICHAN_CLIENTE" FOREIGN KEY ("ID_CLIENTE")
	  REFERENCES "GINASIO"."CLIENTES" ("ID_CLIENTE") ENABLE;
--------------------------------------------------------
--  Ref Constraints for Table LINHASFATURA
--------------------------------------------------------

  ALTER TABLE "GINASIO"."LINHASFATURA" ADD CONSTRAINT "FK_LINHASFATURA_ARTIGOS" FOREIGN KEY ("ID_ARTIGO")
	  REFERENCES "GINASIO"."ARTIGOS" ("ID_ARTIGO") ENABLE;
